id,session_num,su_num,time_clip_start,time_clip_end,time_start,time_end,place,place_raw,scale,journey,scale_order,mention_freq,mention_index,mention_places,mention_match_freq,mention_match_index,mention_match_places,mention_coarser_match_freq,mention_coarser_match_index,mention_coarser_match_places,mention_finer_match_freq,mention_finer_match_index,mention_finer_match_places
1,1.0,1.0,0:00:00,0:00:40,1900-01-01 00:00:00,1900-01-01 00:00:40,_end,none,null,null,8,0,,,0,,,0,,,0,,
2,1.0,2.0,0:00:40,0:00:48,1900-01-01 00:00:40,1900-01-01 00:00:48,Haiti,Haiti,country,null,6,2,;1;2,;Haiti;Haiti,2,;1;2,;Haiti;Haiti,0,,,0,,
3,1.0,3.0,0:00:48,0:01:21,1900-01-01 00:00:48,1900-01-01 00:01:21,"University of Chile, Santiago, Chile",University of Chile; Santiago; Chile,very local,null,2,5,;3;4;5;6;7,";Chile;Chile;University of Chile, Santiago, Chile;University of Chile, Santiago, Chile;Latin America",2,;5;6,";University of Chile, Santiago, Chile;University of Chile, Santiago, Chile",0,,,2,;3;4,;Chile;Chile
4,1.0,4.0,0:01:21,0:01:42,1900-01-01 00:01:21,1900-01-01 00:01:42,"Estadio Nacional Julio Martínez Prádanos, Santiago, Chile",Estadio Nacional Julio Martínez Prádanos; Santiago; Chile,very local,null,2,1,;8,";Estadio Nacional Julio Martínez Prádanos, Santiago, Chile",1,;8,";Estadio Nacional Julio Martínez Prádanos, Santiago, Chile",0,,,0,,
5,1.0,5.0,0:01:42,0:02:08,1900-01-01 00:01:42,1900-01-01 00:02:08,Chile; Peru; Venezuela; France; Switzerland; Quebec,Chile; Peru; Venezuela; France; Switzerland; Quebec,journey,Journey 1,1,7,;9;10;11;12;13;14;15,";Chile;Peru;France;Venezuela;France;Switzerland;Quebec, Canada",0,,,0,,,6,;9;10;11;12;13;14,;Chile;Peru;France;Venezuela;France;Switzerland
6,1.0,6.0,0:02:02,0:02:30,1900-01-01 00:02:02,1900-01-01 00:02:30,"Quebec, Canada",Quebec; Canada,region,null,5,3,;15;16;17,";Quebec, Canada;Chile;UQAM, Montreal, Canada",1,;15,";Quebec, Canada",0,,,0,,
7,1.0,7.0,0:02:30,0:02:50,1900-01-01 00:02:30,1900-01-01 00:02:50,"National Autonomous University of Mexico, Mexico City, Mexico",National Autonomous University of Mexico; Mexico City; Mexico,very local,null,2,4,;18;19;20;21,";Latin America;Mexico;National Autonomous University of Mexico, Mexico City, Mexico;Haiti",1,;20,";National Autonomous University of Mexico, Mexico City, Mexico",0,,,1,;19,;Mexico
8,1.0,8.0,0:02:50,0:03:10,1900-01-01 00:02:50,1900-01-01 00:03:10,"Petit-Goâve, Haiti",Petit-Goâve; Haiti,local,null,3,5,;22;23;24;25;26,";Mexico;Haiti;Port-au-Prince, Haiti;Petit-Goâve, Haiti;Haiti",1,;25,";Petit-Goâve, Haiti",0,,,2,;23;26,;Haiti;Haiti
9,1.0,9.0,0:03:10,0:04:00,1900-01-01 00:03:10,1900-01-01 00:04:00,"Montreal, Canada",Montreal; Canada,city / area,null,4,5,;27;28;29;30;31,";Canada;Montreal, Canada;Haiti;UQAM, Montreal, Canada;Université de Montréal, Montreal, Canada",1,;28,";Montreal, Canada",2,;30;31,";UQAM, Montreal, Canada;Université de Montréal, Montreal, Canada",1,;27,;Canada
10,1.0,10.0,0:04:00,0:04:20,1900-01-01 00:04:00,1900-01-01 00:04:20,_end,none,null,null,8,0,,,0,,,0,,,0,,
11,1.0,11.0,0:04:20,0:05:30,1900-01-01 00:04:20,1900-01-01 00:05:30,Haiti,Haiti,country,null,6,1,;32,;Haiti,1,;32,;Haiti,0,,,0,,
12,1.0,12.0,0:05:30,0:05:52,1900-01-01 00:05:30,1900-01-01 00:05:52,"Port-au-Prince, Haiti",Port-au-Prince; Haiti,city / area,null,4,2,;33;34,";Port-au-Prince, Haiti;Port-au-Prince, Haiti",2,;33;34,";Port-au-Prince, Haiti;Port-au-Prince, Haiti",0,,,0,,
13,1.0,13.0,0:05:52,0:07:20,1900-01-01 00:05:52,1900-01-01 00:07:20,Haiti,Haiti,country,null,6,1,;35,;Haiti,1,;35,;Haiti,0,,,0,,
14,1.0,14.0,0:07:20,0:08:20,1900-01-01 00:07:20,1900-01-01 00:08:20,"Santiago, Chile",Santiago; Chile,city / area,null,4,5,;36;37;38;39;40,";Chile;Chile;Santiago, Chile;Latin America;Santiago, Chile",2,;38;40,";Santiago, Chile;Santiago, Chile",0,,,2,;36;37,;Chile;Chile
15,1.0,15.0,0:08:20,0:09:10,1900-01-01 00:08:20,1900-01-01 00:09:55,"Estadio Nacional Julio Martínez Prádanos, Santiago, Chile; Comodoro Arturo Merino Benítez International Airport, Santiago, Chile; Peru; UQAM, Montreal, Canada",Estadio Nacional Julio Martínez Prádanos; Santiago; Chile,journey,Journey #2 (start),1,4,;41;42;43;44,";Estadio Nacional Julio Martínez Prádanos, Santiago, Chile;Comodoro Arturo Merino Benítez International Airport, Santiago, Chile;Peru;UQAM, Montreal, Canada",0,,,0,,,4,;41;42;43;44,";Estadio Nacional Julio Martínez Prádanos, Santiago, Chile;Comodoro Arturo Merino Benítez International Airport, Santiago, Chile;Peru;UQAM, Montreal, Canada"
19,1.0,19.0,0:09:55,0:10:03,1900-01-01 00:09:55,1900-01-01 00:10:03,Mexico,Mexico,country,null,6,1,;45,;Mexico,1,;45,;Mexico,0,,,0,,
20,1.0,20.0,0:10:03,0:10:25,1900-01-01 00:10:03,1900-01-01 00:10:25,Haiti,Haiti; Chile,country,null,6,2,;46;47,;Haiti;Chile,1,;46,;Haiti,0,,,0,,
21,null,null,null,null,1900-01-01 00:10:03,1900-01-01 00:10:25,Chile,null,country,null,6,2,;46;47,;Haiti;Chile,1,;47,;Chile,0,,,0,,
22,1.0,21.0,0:10:25,0:10:35,1900-01-01 00:10:25,1900-01-01 00:10:35,Haiti,Haiti,country,null,6,0,,,0,,,0,,,0,,
23,1.0,22.0,0:10:35,0:12:54,1900-01-01 00:10:35,1900-01-01 00:12:54,"Petit Séminaire Collège Saint-Martial, Port-au-Prince, Haiti",Petit Séminaire Collège Saint-Martial; Port-au-Prince; Haiti,very local,null,2,1,;48,";Petit Séminaire Collège Saint-Martial, Port-au-Prince, Haiti",1,;48,";Petit Séminaire Collège Saint-Martial, Port-au-Prince, Haiti",0,,,0,,
24,1.0,23.0,0:12:54,0:13:02,1900-01-01 00:12:54,1900-01-01 00:13:02,_end,none,null,null,8,1,;49,;Haiti,0,,,0,,,0,,
25,1.0,24.0,0:13:02,0:13:53,1900-01-01 00:13:02,1900-01-01 00:13:53,"Petit Séminaire Collège Saint-Martial, Port-au-Prince, Haiti",Petit Séminaire Collège Saint-Martial; Port-au-Prince; Haiti,very local,null,2,0,,,0,,,0,,,0,,
26,1.0,25.0,0:13:53,0:14:40,1900-01-01 00:13:53,1900-01-01 00:14:40,"Centre d'etudes secondaires, Port-au-Prince, Haiti",Centre d'etudes secondaires; Port-au-Prince; Haiti,very local,null,2,1,;50,";Centre d'etudes secondaires, Port-au-Prince, Haiti",1,;50,";Centre d'etudes secondaires, Port-au-Prince, Haiti",0,,,0,,
27,1.0,26.0,0:14:40,0:14:45,1900-01-01 00:14:40,1900-01-01 00:14:45,_end,none,null,null,8,0,,,0,,,0,,,0,,
28,1.0,27.0,0:14:45,0:15:17,1900-01-01 00:14:45,1900-01-01 00:15:17,"Port-au-Prince, Haiti",Port-au-Prince; Haiti,city / area,null,4,0,,,0,,,0,,,0,,
29,1.0,28.0,0:15:17,0:15:21,1900-01-01 00:15:17,1900-01-01 00:15:21,_end,none,null,null,8,0,,,0,,,0,,,0,,
30,1.0,29.0,0:15:21,0:16:15,1900-01-01 00:15:21,1900-01-01 00:16:15,"Port-au-Prince, Haiti",Port-au-Prince; Haiti,city / area,null,4,1,;51,;Haiti,0,,,0,,,1,;51,;Haiti
31,1.0,30.0,0:16:15,0:16:25,1900-01-01 00:16:15,1900-01-01 00:16:25,Haiti,Haiti,country,null,6,1,;52,;Haiti,1,;52,;Haiti,0,,,0,,
32,1.0,31.0,0:16:25,0:17:25,1900-01-01 00:16:25,1900-01-01 00:17:25,"Port-au-Prince, Haiti",Port-au-Prince; Haiti,city / area,null,4,2,;53;54,;Cuba;Haiti,0,,,0,,,1,;54,;Haiti
33,1.0,32.0,0:17:25,0:17:28,1900-01-01 00:17:25,1900-01-01 00:17:28,_end,none,null,null,8,0,,,0,,,0,,,0,,
34,1.0,33.0,0:17:28,0:18:34,1900-01-01 00:17:28,1900-01-01 00:18:34,"Port-au-Prince, Haiti",Port-au-Prince; Haiti,city / area,null,4,0,,,0,,,0,,,0,,
35,1.0,34.0,0:18:34,0:18:42,1900-01-01 00:18:34,1900-01-01 00:18:42,Haiti,Haiti,country,null,6,1,;55,;Chile,0,,,0,,,0,,
36,1.0,35.0,0:18:42,0:18:54,1900-01-01 00:18:42,1900-01-01 00:18:54,France,France,country,null,6,5,;56;57;58;59;60,;France;Latin America;Argentina;Chile;Brazil,1,;56,;France,0,,,0,,
37,1.0,36.0,0:18:54,0:19:10,1900-01-01 00:18:54,1900-01-01 00:19:10,Brazil,Brazil,country,null,6,4,;61;62;63;64,;Brazil;Brazil;Argentina;Haiti,2,;61;62,;Brazil;Brazil,0,,,0,,
38,1.0,37.0,0:19:10,0:20:20,1900-01-01 00:19:10,1900-01-01 00:20:20,Chile,Chile,country,null,6,11,;65;66;67;68;69;70;71;72;73;74;75,";Chile;Chile;Chile;Chile;Chile;Chile;Chile;Santiago, Chile;Bolivia;Chile;Chile",9,;65;66;67;68;69;70;71;74;75,;Chile;Chile;Chile;Chile;Chile;Chile;Chile;Chile;Chile,1,;72,";Santiago, Chile",0,,
39,1.0,38.0,0:20:20,0:20:22,1900-01-01 00:20:20,1900-01-01 00:20:22,_end,none,null,null,8,0,,,0,,,0,,,0,,
40,1.0,39.0,0:20:22,0:21:34,1900-01-01 00:20:22,1900-01-01 00:21:34,"Santiago, Chile",Santiago; Chile,city / area,null,4,0,,,0,,,0,,,0,,
41,1.0,40.0,0:21:34,0:22:01,1900-01-01 00:21:34,1900-01-01 00:22:01,"University of Santiago, Santiago, Chile",University of Santiago; Santiago; Chile,very local,null,2,1,;76,";University of Santiago, Santiago, Chile",1,;76,";University of Santiago, Santiago, Chile",0,,,0,,
42,1.0,41.0,0:22:01,0:22:07,1900-01-01 00:22:01,1900-01-01 00:22:07,"Santiago, Chile",Santiago; Chile,city / area,null,4,1,;77,";Santiago, Chile",1,;77,";Santiago, Chile",0,,,0,,
43,1.0,42.0,0:22:07,0:23:47,1900-01-01 00:22:07,1900-01-01 00:23:47,"Santiago, Chile",Santiago; Chile,city / area,null,4,3,;78;79;80,";Santiago, Chile;Latin America;Chile",1,;78,";Santiago, Chile",0,,,1,;80,;Chile
44,1.0,43.0,0:23:47,0:23:53,1900-01-01 00:23:47,1900-01-01 00:23:53,_end,none,null,null,8,0,,,0,,,0,,,0,,
45,1.0,44.0,0:23:53,0:24:13,1900-01-01 00:23:53,1900-01-01 00:24:13,"Chiloé Island, Chile",Chiloé Island; Chile,region,null,5,1,;81,";Chiloé Island, Chile",1,;81,";Chiloé Island, Chile",0,,,0,,
46,1.0,45.0,0:24:13,0:25:10,1900-01-01 00:24:13,1900-01-01 00:25:10,"Santiago, Chile",Santiago; Chile,city / area,null,4,0,,,0,,,0,,,0,,
47,1.0,46.0,0:25:10,0:25:20,1900-01-01 00:25:10,1900-01-01 00:25:20,_end,none,null,null,8,0,,,0,,,0,,,0,,
48,1.0,47.0,0:25:20,0:27:14,1900-01-01 00:25:20,1900-01-01 00:27:14,Chile,Chile,country,null,6,0,,,0,,,0,,,0,,
49,1.0,48.0,0:27:14,0:27:18,1900-01-01 00:27:14,1900-01-01 00:27:18,"University of Chile, Santiago, Chile",University of Chile; Santiago; Chile,very local,null,2,0,,,0,,,0,,,0,,
50,1.0,49.0,0:27:18,0:28:13,1900-01-01 00:27:18,1900-01-01 00:28:13,"Estadio Nacional Julio Martínez Prádanos, Santiago, Chile",Estadio Nacional Julio Martínez Prádanos; Santiago; Chile,very local,null,2,0,,,0,,,0,,,0,,
51,1.0,50.0,0:28:13,0:28:22,1900-01-01 00:28:13,1900-01-01 00:28:22,_end,none,null,null,8,0,,,0,,,0,,,0,,
52,1.0,51.0,0:28:22,0:29:10,1900-01-01 00:28:22,1900-01-01 00:29:10,"Estadio Nacional Julio Martínez Prádanos, Santiago, Chile",Estadio Nacional Julio Martínez Prádanos; Santiago; Chile,very local,null,2,0,,,0,,,0,,,0,,
53,1.0,52.0,0:29:10,0:29:12,1900-01-01 00:29:10,1900-01-01 00:29:12,_end,none,null,null,8,0,,,0,,,0,,,0,,
54,1.0,53.0,0:29:12,0:29:44,1900-01-01 00:29:12,1900-01-01 00:29:44,Peru,Peru,country,null,6,10,;82;83;84;85;86;87;88;89;90;91,;Peru;Peru;Peru;Canada;Europe;Canada;Canada;France;France;France,3,;82;83;84,;Peru;Peru;Peru,0,,,0,,
55,1.0,54.0,0:29:44,0:29:59,1900-01-01 00:29:44,1900-01-01 00:29:59,"Paris, France",Paris; France,city / area,null,4,4,;92;93;94;95,";France;Switzerland;Paris, France;Paris, France",2,;94;95,";Paris, France;Paris, France",0,,,1,;92,;France
56,1.0,55.0,0:29:59,0:30:12,1900-01-01 00:29:59,1900-01-01 00:30:12,Switzerland,Switzerland,country,null,6,4,;96;97;98;99,;Switzerland;Switzerland;Switzerland;Switzerland,4,;96;97;98;99,;Switzerland;Switzerland;Switzerland;Switzerland,0,,,0,,
57,1.0,56.0,0:30:12,0:30:16,1900-01-01 00:30:12,1900-01-01 00:30:16,Europe,Europe,continent,null,7,1,;100,;Europe,1,;100,;Europe,0,,,0,,
58,1.0,57.0,0:30:16,0:30:42,1900-01-01 00:30:16,1900-01-01 00:30:42,Europe,Europe,continent,null,7,3,;101;102;103,;Europe;Europe;Canada,2,;101;102,;Europe;Europe,0,,,0,,
59,1.0,58.0,0:30:42,0:30:47,1900-01-01 00:30:42,1900-01-01 00:30:47,Canada,Canada,country,null,6,1,;104,;Canada,1,;104,;Canada,0,,,0,,
60,1.0,59.0,0:30:47,0:30:48,1900-01-01 00:30:47,1900-01-01 00:30:48,Canada,Canada,country,null,6,0,,,0,,,0,,,0,,
61,1.0,60.0,0:30:48,0:31:30,1900-01-01 00:30:48,1900-01-01 00:31:30,Switzerland,Switzerland,country,null,6,7,;105;106;107;108;109;110;111,;France;France;Switzerland;Canada;Canada;Europe;Switzerland,2,;107;111,;Switzerland;Switzerland,0,,,0,,
62,1.0,61.0,0:31:30,0:31:36,1900-01-01 00:31:30,1900-01-01 00:31:36,Canada,Canada,country,null,6,1,;112,;Canada,1,;112,;Canada,0,,,0,,
63,1.0,62.0,0:31:36,0:32:32,1900-01-01 00:31:36,1900-01-01 00:32:32,"Montreal, Canada",Montreal; Canada,city / area,null,4,5,;113;114;115;116;117,";Montreal, Canada;Montreal, Canada;Haiti;Montreal, Canada;Chile",3,;113;114;116,";Montreal, Canada;Montreal, Canada;Montreal, Canada",0,,,0,,
64,1.0,63.0,0:32:32,0:33:24,1900-01-01 00:32:32,1900-01-01 00:33:24,Mexico,Mexico,country,null,6,8,;118;119;120;121;122;123;124;125,;Mexico;Chile;Canada;Mexico;Mexico;Mexico;Haiti;Haiti,4,;118;121;122;123,;Mexico;Mexico;Mexico;Mexico,0,,,0,,
65,1.0,64.0,0:33:24,0:34:53,1900-01-01 00:33:24,1900-01-01 00:34:53,Haiti,Haiti,country,null,6,2,;126;127,;Haiti;Haiti,2,;126;127,;Haiti;Haiti,0,,,0,,
66,1.0,65.0,0:34:53,0:35:00,1900-01-01 00:34:53,1900-01-01 00:35:00,Haiti,Haiti,country,null,6,1,;128,;Haiti,1,;128,;Haiti,0,,,0,,
67,1.0,66.0,0:35:00,0:36:39,1900-01-01 00:35:00,1900-01-01 00:36:39,Haiti,Haiti,country,null,6,4,;129;130;131;132,;Mexico;Haiti;Haiti;Haiti,3,;130;131;132,;Haiti;Haiti;Haiti,0,,,0,,
68,1.0,67.0,0:36:39,0:37:00,1900-01-01 00:36:39,1900-01-01 00:37:00,"Montreal, Canada",Montreal; Canada,city / area,null,4,3,;133;134;135,";Canada;Canada;Montreal, Canada",1,;135,";Montreal, Canada",0,,,2,;133;134,;Canada;Canada
69,1.0,68.0,0:37:00,0:37:10,1900-01-01 00:37:00,1900-01-01 00:37:10,Haiti,Haiti,country,null,6,0,,,0,,,0,,,0,,
70,1.0,69.0,0:37:10,0:37:45,1900-01-01 00:37:10,1900-01-01 00:37:45,Mexico,Mexico,country,null,6,0,,,0,,,0,,,0,,
71,1.0,70.0,0:37:45,0:37:48,1900-01-01 00:37:45,1900-01-01 00:37:48,"Montreal, Canada",Montreal; Canada,city / area,null,4,0,,,0,,,0,,,0,,
72,1.0,71.0,0:37:48,0:38:00,1900-01-01 00:37:48,1900-01-01 00:38:00,"Montreal, Canada",Montreal; Canada,city / area,null,4,2,;136;137,;Haiti;Haiti,0,,,0,,,0,,
73,1.0,72.0,0:38:00,0:38:24,1900-01-01 00:38:00,1900-01-01 00:38:24,_end,none,null,null,8,1,;138,";CIDIHCA, Montreal, Canada",0,,,0,,,0,,
74,1.0,73.0,0:38:24,0:38:55,1900-01-01 00:38:24,1900-01-01 00:38:55,"Montreal, Canada",Montreal; Canada,city / area,null,4,0,,,0,,,0,,,0,,
75,1.0,74.0,0:38:55,0:39:00,1900-01-01 00:38:55,1900-01-01 00:39:00,_end,none,null,null,8,1,;139,";CIDIHCA, Montreal, Canada",0,,,0,,,0,,
76,1.0,75.0,0:39:00,0:39:45,1900-01-01 00:39:00,1900-01-01 00:39:45,"CIDIHCA, Montreal, Canada",Centre International De Documentation & D'Information Haitienne Caraïbéenne & Afrocanadienne; Montreal; Canada,very local,null,2,3,;140;141;142,;Haiti;Haiti;Haiti,0,,,0,,,0,,
77,1.0,76.0,0:39:45,0:39:50,1900-01-01 00:39:45,1900-01-01 00:39:50,_end,none,null,null,8,0,,,0,,,0,,,0,,
78,1.0,77.0,0:39:50,0:41:03,1900-01-01 00:39:50,1900-01-01 00:41:03,Haiti,Haiti,country,null,6,0,,,0,,,0,,,0,,
79,1.0,78.0,0:41:03,0:41:07,1900-01-01 00:41:03,1900-01-01 00:41:07,_end,none,null,null,8,0,,,0,,,0,,,0,,
80,1.0,79.0,0:41:07,0:41:34,1900-01-01 00:41:07,1900-01-01 00:41:34,Haiti,Haiti,country,null,6,1,;143,;Haiti,1,;143,;Haiti,0,,,0,,
81,1.0,80.0,0:41:34,0:41:58,1900-01-01 00:41:34,1900-01-01 00:41:58,"Montreal, Canada",Montreal; Canada,city / area,null,4,1,;144,";Montreal, Canada",1,;144,";Montreal, Canada",0,,,0,,
82,1.0,81.0,0:41:58,0:43:22,1900-01-01 00:41:58,1900-01-01 00:43:22,"Montreal, Canada",Montreal; Canada,city / area,null,4,8,;145;146;147;148;149;150;151;152,";Montreal, Canada;UQAM, Montreal, Canada;Université de Montréal, Montreal, Canada;Conseil des Arts de Montréal, Montreal, Canada;Conseil interculturel de Montréal, Montreal, Canada;Haiti;Montreal, Canada;Haiti",2,;145;151,";Montreal, Canada;Montreal, Canada",4,;146;147;148;149,";UQAM, Montreal, Canada;Université de Montréal, Montreal, Canada;Conseil des Arts de Montréal, Montreal, Canada;Conseil interculturel de Montréal, Montreal, Canada",0,,
83,1.0,82.0,0:43:22,0:43:31,1900-01-01 00:43:22,1900-01-01 00:43:31,_end,none,null,null,8,0,,,0,,,0,,,0,,
84,1.0,83.0,0:43:31,0:43:47,1900-01-01 00:43:31,1900-01-01 00:43:47,"Montreal, Canada",Montreal; Canada,city / area,null,4,4,;153;154;155;156,";Port-au-Prince, Haiti;Montreal, Canada;Port-au-Prince, Haiti;Chicoutimi, Canada",1,;154,";Montreal, Canada",0,,,0,,
85,1.0,84.0,0:43:47,0:43:52,1900-01-01 00:43:47,1900-01-01 00:43:52,_end,none,null,null,8,0,,,0,,,0,,,0,,
86,1.0,85.0,0:43:52,0:44:52,1900-01-01 00:43:52,1900-01-01 00:44:52,"Montreal, Canada",Montreal; Canada,city / area,null,4,4,;157;158;159;160,";Port-au-Prince, Haiti;Haiti;Haiti;Quebec, Canada",0,,,0,,,0,,
87,1.0,86.0,0:44:52,0:44:56,1900-01-01 00:44:52,1900-01-01 00:44:56,Haiti,Haiti,country,null,6,0,,,0,,,0,,,0,,
88,1.0,87.0,0:44:56,0:45:13,1900-01-01 00:44:56,1900-01-01 00:45:13,Haiti,Haiti,country,null,6,2,;161;162,;Haiti;Haiti,2,;161;162,;Haiti;Haiti,0,,,0,,
89,1.0,88.0,0:45:13,0:45:18,1900-01-01 00:45:13,1900-01-01 00:45:18,Haiti,Haiti,country,null,6,1,;163,;Haiti,1,;163,;Haiti,0,,,0,,
90,1.0,89.0,0:45:18,0:46:26,1900-01-01 00:45:18,1900-01-01 00:46:26,Haiti,Haiti,country,null,6,6,;164;165;166;167;168;169,;Haiti;Haiti;Haiti;Haiti;Haiti;Haiti,6,;164;165;166;167;168;169,;Haiti;Haiti;Haiti;Haiti;Haiti;Haiti,0,,,0,,
91,1.0,90.0,0:46:26,0:46:31,1900-01-01 00:46:26,1900-01-01 00:46:31,_end,none,null,null,8,0,,,0,,,0,,,0,,
92,1.0,91.0,0:46:31,0:47:18,1900-01-01 00:46:31,1900-01-01 00:47:18,Haiti,Haiti,country,null,6,1,;170,;Haiti,1,;170,;Haiti,0,,,0,,
93,1.0,92.0,0:47:18,0:47:36,1900-01-01 00:47:18,1900-01-01 00:47:36,_end,none,null,null,8,0,,,0,,,0,,,0,,
94,1.0,93.0,0:47:36,0:48:27,1900-01-01 00:47:36,1900-01-01 00:48:27,Canada,Canada,country,null,6,6,;171;172;173;174;175;176,;Canada;Haiti;Haiti;Haiti;Haiti;Haiti,1,;171,;Canada,0,,,0,,
95,1.0,94.0,0:48:27,0:48:37,1900-01-01 00:48:27,1900-01-01 00:48:37,Haiti,Haiti,country,null,6,1,;177,;Haiti,1,;177,;Haiti,0,,,0,,
96,1.0,95.0,0:48:37,0:49:15,1900-01-01 00:48:37,1900-01-01 00:49:15,Haiti,Haiti,country,null,6,1,;178,;Haiti,1,;178,;Haiti,0,,,0,,
97,1.0,96.0,0:49:15,0:49:21,1900-01-01 00:49:15,1900-01-01 00:49:21,_end,none,null,null,8,0,,,0,,,0,,,0,,
98,1.0,97.0,0:49:21,0:49:39,1900-01-01 00:49:21,1900-01-01 00:49:39,"Montreal, Canada",Montreal; Canada,city / area,null,4,2,;179;180,;Haiti;Haiti,0,,,0,,,0,,
99,1.0,98.0,0:49:39,0:50:16,1900-01-01 00:49:39,1900-01-01 00:50:16,"Montreal, Canada",Montreal; Canada,city / area,null,4,1,;181,";Montreal, Canada",1,;181,";Montreal, Canada",0,,,0,,
100,1.0,99.0,0:50:16,0:50:55,1900-01-01 00:50:16,1900-01-01 00:50:55,"Montreal, Canada",Montreal; Canada,city / area,null,4,6,;182;183;184;185;186;187,";Montreal, Canada;Quebec, Canada;Montreal, Canada;Montreal, Canada;Montreal, Canada;New York City, USA",4,;182;184;185;186,";Montreal, Canada;Montreal, Canada;Montreal, Canada;Montreal, Canada",0,,,0,,
101,1.0,100.0,0:50:55,0:50:58,1900-01-01 00:50:55,1900-01-01 00:50:58,"Montreal, Canada",Montreal; Canada,city / area,null,4,0,,,0,,,0,,,0,,
102,1.0,101.0,0:50:58,0:51:15,1900-01-01 00:50:58,1900-01-01 00:51:15,"Port-au-Prince, Haiti",Port-au-Prince; Haiti,city / area,null,4,2,;188;189,";Port-au-Prince, Haiti;Port-au-Prince, Haiti",2,;188;189,";Port-au-Prince, Haiti;Port-au-Prince, Haiti",0,,,0,,
103,1.0,102.0,0:51:15,0:51:19,1900-01-01 00:51:15,1900-01-01 00:51:19,_end,none,null,null,8,0,,,0,,,0,,,0,,
104,1.0,103.0,0:51:19,0:51:50,1900-01-01 00:51:19,1900-01-01 00:51:50,"Montreal, Canada",Montreal; Canada,city / area,null,4,0,,,0,,,0,,,0,,
105,1.0,104.0,0:51:50,0:52:25,1900-01-01 00:51:50,1900-01-01 00:52:25,_end,none,null,null,8,0,,,0,,,0,,,0,,
106,2.0,105.0,0:00:00,0:02:15,1900-01-01 00:52:25,1900-01-01 00:54:40,_end,none,null,null,8,2,;190;191,;Chile;Haiti,0,,,0,,,0,,
107,2.0,106.0,0:02:15,0:02:46,1900-01-01 00:54:40,1900-01-01 00:55:11,_end,none,null,null,8,0,,,0,,,0,,,0,,
108,2.0,107.0,0:02:46,0:08:10,1900-01-01 00:55:11,1900-01-01 01:00:35,Haiti,Haiti,country,null,6,8,;192;193;194;195;196;197;198;199,;Haiti;Haiti;Haiti;Haiti;Haiti;Haiti;Haiti;Haiti,8,;192;193;194;195;196;197;198;199,;Haiti;Haiti;Haiti;Haiti;Haiti;Haiti;Haiti;Haiti,0,,,0,,
109,2.0,108.0,0:08:10,0:08:35,1900-01-01 01:00:35,1900-01-01 01:01:00,Haiti,Haiti,country,null,6,1,;200,;Haiti,1,;200,;Haiti,0,,,0,,
110,2.0,109.0,0:08:35,0:09:15,1900-01-01 01:01:00,1900-01-01 01:01:40,Haiti,Haiti,country,null,6,0,,,0,,,0,,,0,,
111,2.0,110.0,0:09:15,0:09:22,1900-01-01 01:01:40,1900-01-01 01:01:47,Haiti,Haiti,country,null,6,0,,,0,,,0,,,0,,
112,2.0,111.0,0:09:22,0:10:07,1900-01-01 01:01:47,1900-01-01 01:02:32,Haiti,Haiti,country,null,6,3,;201;202;203,";New York City, USA;Miami, USA;Haiti",1,;203,;Haiti,0,,,0,,
113,2.0,112.0,0:10:07,0:12:15,1900-01-01 01:02:32,1900-01-01 01:04:40,"Petit-Goâve, Haiti",Petit-Goâve; Haiti,local,null,3,1,;204,";Petit-Goâve, Haiti",1,;204,";Petit-Goâve, Haiti",0,,,0,,
114,2.0,113.0,0:12:15,0:12:43,1900-01-01 01:04:40,1900-01-01 01:05:08,"Montreal, Canada",Montreal; Canada,city / area,null,4,2,;205;206,";Quebec, Canada;Canada",0,,,0,,,1,;206,;Canada
115,2.0,114.0,0:12:43,0:12:50,1900-01-01 01:05:08,1900-01-01 01:05:15,_end,none,null,null,8,0,,,0,,,0,,,0,,
116,2.0,115.0,0:12:50,0:13:37,1900-01-01 01:05:15,1900-01-01 01:06:02,"Petit-Goâve, Haiti",Petit-Goâve; Haiti,local,null,3,1,;207,";Pénitentier National, Port-au-Prince, Haiti",0,,,0,,,0,,
117,2.0,116.0,0:13:37,0:15:20,1900-01-01 01:06:02,1900-01-01 01:07:45,"Casernes Dessalines, Port-au-Prince, Haiti",Casernes Dessalines; Port-au-Prince; Haiti,very local,null,2,1,;208,";Casernes Dessalines, Port-au-Prince, Haiti",1,;208,";Casernes Dessalines, Port-au-Prince, Haiti",0,,,0,,
118,2.0,117.0,0:15:20,0:15:28,1900-01-01 01:07:45,1900-01-01 01:07:53,"Casernes Dessalines, Port-au-Prince, Haiti; Pierre Elliott Trudeau International Airport, Montreal, Canada",Casernes Dessalines; Port-au-Prince; Haiti; Pierre Elliott Trudeau International Airport; Montreal; Canada,journey,journey,1,2,;209;210,";Pierre Elliott Trudeau International Airport, Montreal, Canada;Montreal, Canada",0,,,0,,,2,;209;210,";Pierre Elliott Trudeau International Airport, Montreal, Canada;Montreal, Canada"
119,2.0,118.0,0:15:28,0:16:05,1900-01-01 01:07:53,1900-01-01 01:08:30,"Casernes Dessalines, Port-au-Prince, Haiti",Casernes Dessalines; Port-au-Prince; Haiti,very local,null,2,0,,,0,,,0,,,0,,
120,2.0,119.0,0:16:05,0:16:19,1900-01-01 01:08:30,1900-01-01 01:08:44,_end,none,null,null,8,0,,,0,,,0,,,0,,
121,2.0,120.0,0:16:19,0:18:02,1900-01-01 01:08:44,1900-01-01 01:10:27,"Casernes Dessalines, Port-au-Prince, Haiti",Casernes Dessalines; Port-au-Prince; Haiti,very local,null,2,0,,,0,,,0,,,0,,
122,2.0,121.0,0:18:02,0:18:23,1900-01-01 01:10:27,1900-01-01 01:10:48,"Montreal, Canada",Montreal; Canada,city / area,null,4,1,;211,";Montreal, Canada",1,;211,";Montreal, Canada",0,,,0,,
123,2.0,122.0,0:18:23,0:19:05,1900-01-01 01:10:48,1900-01-01 01:11:30,"Montreal, Canada",Montreal; Canada,city / area,null,4,2,;212;213,";Montreal, Canada;BCHM, Montreal, Canada",1,;212,";Montreal, Canada",1,;213,";BCHM, Montreal, Canada",0,,
124,2.0,123.0,0:19:05,0:20:25,1900-01-01 01:11:30,1900-01-01 01:12:50,"UQAM, Montreal, Canada",UQAM; Montreal; Canada,very local,null,2,2,;214;215,";UQAM, Montreal, Canada;France",1,;214,";UQAM, Montreal, Canada",0,,,0,,
125,2.0,124.0,0:20:25,0:20:33,1900-01-01 01:12:50,1900-01-01 01:12:58,_end,none,null,null,8,0,,,0,,,0,,,0,,
126,2.0,125.0,0:20:33,0:21:18,1900-01-01 01:12:58,1900-01-01 01:13:43,"Petit-Goâve, Haiti",Petit-Goâve; Haiti,local,null,3,0,,,0,,,0,,,0,,
127,2.0,126.0,0:21:18,0:21:56,1900-01-01 01:13:43,1900-01-01 01:14:21,"Montreal, Canada",Montreal; Canada,city / area,null,4,2,;216;217,";Montreal, Canada;Montreal, Canada",2,;216;217,";Montreal, Canada;Montreal, Canada",0,,,0,,
128,2.0,127.0,0:21:56,0:22:03,1900-01-01 01:14:21,1900-01-01 01:14:28,Haiti,Haiti,country,null,6,0,,,0,,,0,,,0,,
129,2.0,128.0,0:22:03,0:22:44,1900-01-01 01:14:28,1900-01-01 01:15:09,"Montreal, Canada",Montreal; Canada,city / area,null,4,0,,,0,,,0,,,0,,
130,2.0,129.0,0:22:44,0:23:00,1900-01-01 01:15:09,1900-01-01 01:15:25,Haiti,Haiti,country,null,6,1,;218,;Haiti,1,;218,;Haiti,0,,,0,,
131,2.0,130.0,0:23:00,0:23:44,1900-01-01 01:15:25,1900-01-01 01:16:09,Haiti,Haiti,country,null,6,2,;219;220,";Montreal, Canada;Haiti",1,;220,;Haiti,0,,,0,,
132,2.0,131.0,0:23:44,0:25:20,1900-01-01 01:16:09,1900-01-01 01:17:45,"Montreal, Canada",Montreal; Canada,city / area,null,4,2,;221;222,";Montreal, Canada;Canada",1,;221,";Montreal, Canada",0,,,1,;222,;Canada
133,2.0,132.0,0:25:20,0:25:29,1900-01-01 01:17:45,1900-01-01 01:17:54,Haiti,Haiti,country,null,6,0,,,0,,,0,,,0,,
134,2.0,133.0,0:25:29,0:26:44,1900-01-01 01:17:54,1900-01-01 01:19:09,"Montreal, Canada",Montreal; Canada,city / area,null,4,0,,,0,,,0,,,0,,
135,2.0,134.0,0:26:44,0:26:50,1900-01-01 01:19:09,1900-01-01 01:19:15,"Quebec, Canada",Quebec; Canada,region,null,5,1,;223,";Quebec, Canada",1,;223,";Quebec, Canada",0,,,0,,
136,2.0,135.0,0:26:50,0:28:00,1900-01-01 01:19:15,1900-01-01 01:20:25,Haiti,Haiti; Quebec,country,null,6,6,;224;225;226;227;228;229,";Quebec, Canada;Quebec, Canada;Haiti;Quebec, Canada;Quebec, Canada;Canada",1,;226,;Haiti,0,,,0,,
137,null,null,null,null,1900-01-01 01:19:15,1900-01-01 01:20:25,"Quebec, Canada",null,region,null,5,6,;224;225;226;227;228;229,";Quebec, Canada;Quebec, Canada;Haiti;Quebec, Canada;Quebec, Canada;Canada",4,;224;225;227;228,";Quebec, Canada;Quebec, Canada;Quebec, Canada;Quebec, Canada",0,,,1,;229,;Canada
138,2.0,136.0,0:28:00,0:28:04,1900-01-01 01:20:25,1900-01-01 01:20:29,_end,none,null,null,8,0,,,0,,,0,,,0,,
139,2.0,137.0,0:28:04,0:28:30,1900-01-01 01:20:29,1900-01-01 01:20:55,_end,none,null,null,8,0,,,0,,,0,,,0,,
140,2.0,138.0,0:28:30,0:28:38,1900-01-01 01:20:55,1900-01-01 01:21:03,_end,none,null,null,8,0,,,0,,,0,,,0,,
141,2.0,139.0,0:28:38,0:32:40,1900-01-01 01:21:03,1900-01-01 01:25:05,"Montreal, Canada",Montreal; Canada,city / area,null,4,17,;230;231;232;233;234;235;236;237;238;239;240;241;242;243;244;245;246,";Montreal, Canada;Montreal, Canada;Haiti;Montreal, Canada;Maison d'Haiti, Montreal, Canada;Maison d'Haiti, Montreal, Canada;Maison d'Haiti, Montreal, Canada;Montreal, Canada;Université de Montréal, Montreal, Canada;Montreal, Canada;Quebec, Canada;Quebec, Canada;Quebec, Canada;Quebec, Canada;Montreal, Canada;Montreal, Canada;France",7,;230;231;233;237;239;244;245,";Montreal, Canada;Montreal, Canada;Montreal, Canada;Montreal, Canada;Montreal, Canada;Montreal, Canada;Montreal, Canada",4,;234;235;236;238,";Maison d'Haiti, Montreal, Canada;Maison d'Haiti, Montreal, Canada;Maison d'Haiti, Montreal, Canada;Université de Montréal, Montreal, Canada",0,,
142,2.0,140.0,0:32:40,0:32:44,1900-01-01 01:25:05,1900-01-01 01:25:09,"New York City, USA",New York City; USA,city / area,null,4,2,;247;248,";USA;New York City, USA",1,;248,";New York City, USA",0,,,1,;247,;USA
143,2.0,141.0,0:32:44,0:33:50,1900-01-01 01:25:09,1900-01-01 01:26:15,"New York City, USA",New York City; USA; Montreal; Canada,city / area,null,4,7,;249;250;251;252;253;254;255,";New York City, USA;Montreal, Canada;Montreal, Canada;North America;New York City, USA;Montreal, Canada;New York City, USA",3,;249;253;255,";New York City, USA;New York City, USA;New York City, USA",0,,,0,,
144,null,null,null,null,1900-01-01 01:25:09,1900-01-01 01:26:15,"Montreal, Canada",null,city / area,null,4,7,;249;250;251;252;253;254;255,";New York City, USA;Montreal, Canada;Montreal, Canada;North America;New York City, USA;Montreal, Canada;New York City, USA",3,;250;251;254,";Montreal, Canada;Montreal, Canada;Montreal, Canada",0,,,0,,
145,2.0,142.0,0:33:50,0:34:01,1900-01-01 01:26:15,1900-01-01 01:26:26,_end,none,null,null,8,0,,,0,,,0,,,0,,
146,2.0,143.0,0:34:01,0:37:52,1900-01-01 01:26:26,1900-01-01 01:30:17,"CIDIHCA, Montreal, Canada",Centre International De Documentation & D'Information Haitienne Caraïbéenne & Afrocanadienne; Montreal; Canada,very local,null,2,8,;256;257;258;259;260;261;262;263,";CIDIHCA, Montreal, Canada;Haiti;CIDIHCA, Montreal, Canada;Haiti;Quebec, Canada;Haiti;Haiti;Caribbean",2,;256;258,";CIDIHCA, Montreal, Canada;CIDIHCA, Montreal, Canada",0,,,0,,
147,3.0,144.0,0:00:00,0:00:22,1900-01-01 01:30:17,1900-01-01 01:30:39,_end,none,null,null,8,0,,,0,,,0,,,0,,
148,3.0,145.0,0:00:22,0:01:31,1900-01-01 01:30:39,1900-01-01 01:31:48,Haiti,Haiti,country,null,6,1,;264,;Haiti,1,;264,;Haiti,0,,,0,,
149,3.0,146.0,0:01:31,0:01:54,1900-01-01 01:31:48,1900-01-01 01:32:11,"Montreal, Canada",Montreal; Canada,city / area,null,4,0,,,0,,,0,,,0,,
150,3.0,147.0,0:01:54,0:02:15,1900-01-01 01:32:11,1900-01-01 01:32:32,Haiti,Haiti,country,null,6,0,,,0,,,0,,,0,,
151,3.0,148.0,0:02:15,0:02:39,1900-01-01 01:32:32,1900-01-01 01:32:56,"Montreal, Canada",Montreal; Canada,city / area,null,4,0,,,0,,,0,,,0,,
152,3.0,149.0,0:02:39,0:02:47,1900-01-01 01:32:56,1900-01-01 01:33:04,_end,none,null,null,8,0,,,0,,,0,,,0,,
153,3.0,150.0,0:02:47,0:05:35,1900-01-01 01:33:04,1900-01-01 01:35:52,"Petit Séminaire Collège Saint-Martial, Port-au-Prince, Haiti",Petit Séminaire Collège Saint-Martial; Port-au-Prince; Haiti,very local,null,2,9,;265;266;267;268;269;270;271;272;273,";Petit Séminaire Collège Saint-Martial, Port-au-Prince, Haiti;Switzerland;Canada;Haiti;Petit Séminaire Collège Saint-Martial, Port-au-Prince, Haiti;Haiti;Haiti;Europe;The Vatican",2,;265;269,";Petit Séminaire Collège Saint-Martial, Port-au-Prince, Haiti;Petit Séminaire Collège Saint-Martial, Port-au-Prince, Haiti",0,,,3,;268;270;271,;Haiti;Haiti;Haiti
154,3.0,151.0,0:05:35,0:05:40,1900-01-01 01:35:52,1900-01-01 01:35:57,_end,none,null,null,8,0,,,0,,,0,,,0,,
155,3.0,152.0,0:05:40,0:06:21,1900-01-01 01:35:57,1900-01-01 01:36:38,"Port-au-Prince, Haiti",Port-au-Prince; Haiti,city / area,null,4,0,,,0,,,0,,,0,,
156,3.0,153.0,0:06:21,0:06:31,1900-01-01 01:36:38,1900-01-01 01:36:48,_end,none,null,null,8,0,,,0,,,0,,,0,,
157,3.0,154.0,0:06:31,0:07:24,1900-01-01 01:36:48,1900-01-01 01:37:41,"Aquin, Haiti",Aquin; Haiti,local,null,3,3,;274;275;276,";Province, Haiti;Aquin, Haiti;Province, Haiti",1,;275,";Aquin, Haiti",0,,,0,,
158,3.0,155.0,0:07:24,0:08:30,1900-01-01 01:37:41,1900-01-01 01:38:47,Haiti,Haiti,country,null,6,2,;277;278,;Guadeloupe;Guadeloupe,0,,,0,,,0,,
159,3.0,156.0,0:08:30,0:08:33,1900-01-01 01:38:47,1900-01-01 01:38:50,"Aquin, Haiti",Aquin; Haiti,city / area,null,4,1,;279,";Aquin, Haiti",1,;279,";Aquin, Haiti",0,,,0,,
160,3.0,157.0,0:08:33,0:08:43,1900-01-01 01:38:50,1900-01-01 01:39:00,"Aquin, Haiti",Aquin; Haiti,local,null,3,1,;280,";Province, Haiti",0,,,0,,,0,,
161,3.0,158.0,0:08:43,0:08:55,1900-01-01 01:39:00,1900-01-01 01:39:12,Haiti,Haiti,country,null,6,0,,,0,,,0,,,0,,
162,3.0,159.0,0:08:55,0:09:00,1900-01-01 01:39:12,1900-01-01 01:39:17,_end,none,null,null,8,0,,,0,,,0,,,0,,
163,3.0,160.0,0:09:00,0:09:42,1900-01-01 01:39:17,1900-01-01 01:39:59,Haiti,Haiti,country,null,6,0,,,0,,,0,,,0,,
164,3.0,161.0,0:09:42,0:09:44,1900-01-01 01:39:59,1900-01-01 01:40:01,"Port-au-Prince, Haiti",Port-au-Prince; Haiti,city / area,null,4,1,;281,";Port-au-Prince, Haiti",1,;281,";Port-au-Prince, Haiti",0,,,0,,
165,3.0,162.0,0:09:44,0:10:04,1900-01-01 01:40:01,1900-01-01 01:40:21,"Bas peu de choses, Port-au-Prince, Haiti",Bas peu de choses; Port-au-Prince; Haiti,local,null,3,5,;282;283;284;285;286,";Port-au-Prince, Haiti;Bas peu de choses, Port-au-Prince, Haiti;Bas peu de choses, Port-au-Prince, Haiti;Port-au-Prince, Haiti;Port-au-Prince, Haiti",2,;283;284,";Bas peu de choses, Port-au-Prince, Haiti;Bas peu de choses, Port-au-Prince, Haiti",0,,,3,;282;285;286,";Port-au-Prince, Haiti;Port-au-Prince, Haiti;Port-au-Prince, Haiti"
166,3.0,163.0,0:10:04,0:10:35,1900-01-01 01:40:21,1900-01-01 01:40:52,"Route des Dalles, Port-au-Prince, Haiti",Chemin des Dalles; Port-au-Prince; Haiti,very local,null,2,1,;287,";Route des Dalles, Port-au-Prince, Haiti",1,;287,";Route des Dalles, Port-au-Prince, Haiti",0,,,0,,
167,3.0,164.0,0:10:35,0:11:13,1900-01-01 01:40:52,1900-01-01 01:41:30,"Côte Plage, Haiti",Côte Plage; Haiti,local,null,3,1,;288,";Côte Plage, Haiti",1,;288,";Côte Plage, Haiti",0,,,0,,
168,3.0,165.0,0:11:13,0:11:17,1900-01-01 01:41:30,1900-01-01 01:41:34,_end,none,null,null,8,0,,,0,,,0,,,0,,
169,3.0,166.0,0:11:17,0:12:47,1900-01-01 01:41:34,1900-01-01 01:43:04,Haiti,Haiti,country,null,6,0,,,0,,,0,,,0,,
170,3.0,167.0,0:12:47,0:12:51,1900-01-01 01:43:04,1900-01-01 01:43:08,Haiti,Haiti,country,null,6,0,,,0,,,0,,,0,,
171,3.0,168.0,0:12:51,0:15:00,1900-01-01 01:43:08,1900-01-01 01:45:17,Haiti,Haiti,country,null,6,0,,,0,,,0,,,0,,
172,3.0,169.0,0:15:00,0:15:06,1900-01-01 01:45:17,1900-01-01 01:45:23,Haiti,Haiti,country,null,6,1,;289,;Haiti,1,;289,;Haiti,0,,,0,,
173,3.0,170.0,0:15:06,0:15:40,1900-01-01 01:45:23,1900-01-01 01:45:57,Haiti,Haiti,country,null,6,0,,,0,,,0,,,0,,
174,3.0,171.0,0:15:40,0:15:44,1900-01-01 01:45:57,1900-01-01 01:46:01,_end,none,null,null,8,0,,,0,,,0,,,0,,
175,3.0,172.0,0:15:44,0:16:02,1900-01-01 01:46:01,1900-01-01 01:46:19,Haiti,Haiti,country,null,6,0,,,0,,,0,,,0,,
176,3.0,173.0,0:16:02,0:16:07,1900-01-01 01:46:19,1900-01-01 01:46:24,"Montreal, Canada",Montreal; Canada,city / area,null,4,1,;290,";Montreal, Canada",1,;290,";Montreal, Canada",0,,,0,,
177,3.0,174.0,0:16:07,0:16:27,1900-01-01 01:46:24,1900-01-01 01:46:44,_end,none,null,null,8,0,,,0,,,0,,,0,,
178,3.0,175.0,0:16:27,0:16:34,1900-01-01 01:46:44,1900-01-01 01:46:51,_end,none,null,null,8,0,,,0,,,0,,,0,,
179,3.0,176.0,0:16:34,0:16:51,1900-01-01 01:46:51,1900-01-01 01:47:08,_end,none,null,null,8,0,,,0,,,0,,,0,,
180,3.0,177.0,0:16:51,0:16:56,1900-01-01 01:47:08,1900-01-01 01:47:13,_end,none,null,null,8,0,,,0,,,0,,,0,,
181,3.0,178.0,0:16:56,0:17:35,1900-01-01 01:47:13,1900-01-01 01:47:52,"Port-au-Prince, Haiti",Port-au-Prince; Haiti,city / area,null,4,0,,,0,,,0,,,0,,
182,3.0,179.0,0:17:35,0:17:37,1900-01-01 01:47:52,1900-01-01 01:47:54,_end,none,null,null,8,0,,,0,,,0,,,0,,
183,3.0,180.0,0:17:37,0:18:34,1900-01-01 01:47:54,1900-01-01 01:48:51,_end,none,null,null,8,0,,,0,,,0,,,0,,
184,3.0,181.0,0:18:34,0:18:37,1900-01-01 01:48:51,1900-01-01 01:48:54,"Port-au-Prince, Haiti",Port-au-Prince; Haiti,city / area,null,4,1,;291,";Port-au-Prince, Haiti",1,;291,";Port-au-Prince, Haiti",0,,,0,,
185,3.0,182.0,0:18:37,0:19:41,1900-01-01 01:48:54,1900-01-01 01:49:58,"Port-au-Prince, Haiti",Port-au-Prince; Côte Plage; Haiti,city / area,null,4,0,,,0,,,0,,,0,,
186,null,null,null,null,1900-01-01 01:48:54,1900-01-01 01:49:58,"Côte Plage, Haiti",null,local,null,3,0,,,0,,,0,,,0,,
187,3.0,183.0,0:19:41,0:19:48,1900-01-01 01:49:58,1900-01-01 01:50:05,"Port-au-Prince, Haiti",Port-au-Prince; Haiti,city / area,null,4,1,;292,";Port-au-Prince, Haiti",1,;292,";Port-au-Prince, Haiti",0,,,0,,
188,3.0,184.0,0:19:48,0:20:39,1900-01-01 01:50:05,1900-01-01 01:50:56,"Port-au-Prince, Haiti",Port-au-Prince; Haiti,city / area,null,4,2,;293;294,";Port-au-Prince, Haiti;Haiti",1,;293,";Port-au-Prince, Haiti",0,,,1,;294,;Haiti
189,3.0,185.0,0:20:39,0:22:23,1900-01-01 01:50:56,1900-01-01 01:52:40,"Port-au-Prince, Haiti",Port-au-Prince; Haiti,city / area,null,4,0,,,0,,,0,,,0,,
190,3.0,186.0,0:22:23,0:22:25,1900-01-01 01:52:40,1900-01-01 01:52:42,_end,none,null,null,8,0,,,0,,,0,,,0,,
191,3.0,187.0,0:22:25,0:22:37,1900-01-01 01:52:42,1900-01-01 01:52:54,"Port-au-Prince, Haiti",Port-au-Prince; Haiti,city / area,null,4,0,,,0,,,0,,,0,,
192,3.0,188.0,0:22:37,0:22:47,1900-01-01 01:52:54,1900-01-01 01:53:04,Haiti,Haiti,country,null,6,1,;295,;Haiti,1,;295,;Haiti,0,,,0,,
193,3.0,189.0,0:22:47,0:22:50,1900-01-01 01:53:04,1900-01-01 01:53:07,"Port-au-Prince, Haiti",Port-au-Prince; Haiti,city / area,null,4,0,,,0,,,0,,,0,,
194,3.0,190.0,0:22:50,0:22:55,1900-01-01 01:53:07,1900-01-01 01:53:12,France,France,country,null,6,2,;296;297,;France;France,2,;296;297,;France;France,0,,,0,,
195,3.0,191.0,0:22:55,0:23:12,1900-01-01 01:53:12,1900-01-01 01:53:29,Latin America,Latin America,continent,null,7,3,;298;299;300,;Latin America;Latin America;Chile,2,;298;299,;Latin America;Latin America,0,,,0,,
196,3.0,192.0,0:23:12,0:23:21,1900-01-01 01:53:29,1900-01-01 01:53:38,_end,none,null,null,8,0,,,0,,,0,,,0,,
197,3.0,193.0,0:23:21,0:24:44,1900-01-01 01:53:38,1900-01-01 01:55:01,"Port-au-Prince, Haiti",Port-au-Prince; Haiti,city / area,null,4,0,,,0,,,0,,,0,,
198,3.0,194.0,0:24:44,0:24:46,1900-01-01 01:55:01,1900-01-01 01:55:03,_end,none,null,null,8,0,,,0,,,0,,,0,,
199,3.0,195.0,0:24:46,0:25:36,1900-01-01 01:55:03,1900-01-01 01:55:53,"Petit Séminaire Collège Saint-Martial, Port-au-Prince, Haiti",Petit Séminaire Collège Saint-Martial; Port-au-Prince; Haiti,very local,null,2,0,,,0,,,0,,,0,,
200,3.0,196.0,0:25:36,0:25:54,1900-01-01 01:55:53,1900-01-01 01:56:11,_end,none,null,null,8,0,,,0,,,0,,,0,,
201,3.0,197.0,0:25:54,0:26:20,1900-01-01 01:56:11,1900-01-01 01:56:37,_end,none,null,null,8,1,;301,";UQAM, Montreal, Canada",0,,,0,,,0,,
202,3.0,198.0,0:26:20,0:26:54,1900-01-01 01:56:37,1900-01-01 01:57:11,"Port-au-Prince, Haiti",Port-Au-Prince; Santiago; Montreal,city / area,null,4,3,;302;303;304,";Port-au-Prince, Haiti;Santiago, Chile;Montreal, Canada",1,;302,";Port-au-Prince, Haiti",0,,,0,,
203,null,null,null,null,1900-01-01 01:56:37,1900-01-01 01:57:11,"Santiago, Chile",null,city / area,null,4,3,;302;303;304,";Port-au-Prince, Haiti;Santiago, Chile;Montreal, Canada",1,;303,";Santiago, Chile",0,,,0,,
204,null,null,null,null,1900-01-01 01:56:37,1900-01-01 01:57:11,"Montreal, Canada",null,city / area,null,4,3,;302;303;304,";Port-au-Prince, Haiti;Santiago, Chile;Montreal, Canada",1,;304,";Montreal, Canada",0,,,0,,
205,3.0,199.0,0:26:54,0:27:41,1900-01-01 01:57:11,1900-01-01 01:57:58,"Bicentennaire, Port-au-Prince, Haiti",Bicentennaire; Port-au-Prince; Haiti,very local,null,2,3,;305;306;307,";Port-au-Prince, Haiti;Bicentennaire, Port-au-Prince, Haiti;Port-au-Prince, Haiti",1,;306,";Bicentennaire, Port-au-Prince, Haiti",0,,,2,;305;307,";Port-au-Prince, Haiti;Port-au-Prince, Haiti"
206,3.0,200.0,0:27:41,0:28:40,1900-01-01 01:57:58,1900-01-01 01:58:57,"Petit Séminaire Collège Saint-Martial, Port-au-Prince, Haiti",Petit Séminaire Collège Saint-Martial; Port-au-Prince; Haiti,very local,null,2,4,;308;309;310;311,";Port-au-Prince, Haiti;Bel Air, Port-au-Prince, Haiti;Bel Air, Port-au-Prince, Haiti;Bel Air, Port-au-Prince, Haiti",0,,,0,,,1,;308,";Port-au-Prince, Haiti"
207,3.0,201.0,0:28:40,0:29:26,1900-01-01 01:58:57,1900-01-01 01:59:43,"Bel Air, Port-au-Prince, Haiti",Bel Air; Port-au-Prince; Haiti,local,null,3,0,,,0,,,0,,,0,,
208,3.0,202.0,0:29:26,0:29:35,1900-01-01 01:59:43,1900-01-01 01:59:52,"Bel Air, Port-au-Prince, Haiti",Bel Air; Port-au-Prince; Haiti,local,null,3,1,;312,";Port-au-Prince, Haiti",0,,,0,,,1,;312,";Port-au-Prince, Haiti"
209,3.0,203.0,0:29:35,0:31:00,1900-01-01 01:59:52,1900-01-01 02:01:17,"Bel Air, Port-au-Prince, Haiti",Bel Air; Port-au-Prince; Haiti,local,null,3,1,;313,";Toronto, Canada",0,,,0,,,0,,
210,3.0,204.0,0:31:00,0:31:20,1900-01-01 02:01:17,1900-01-01 02:01:37,"Port-au-Prince, Haiti",Port-au-Prince; Haiti,city / area,null,4,0,,,0,,,0,,,0,,
211,3.0,205.0,0:31:20,0:32:15,1900-01-01 02:01:37,1900-01-01 02:02:32,"Rue Marcelin, Port-au-Prince, Haiti",Rue Marcelin; Port-au-Prince; Haiti,very local,null,2,1,;314,";Rue Marcelin, Port-au-Prince, Haiti",1,;314,";Rue Marcelin, Port-au-Prince, Haiti",0,,,0,,
212,3.0,206.0,0:32:15,0:33:14,1900-01-01 02:02:32,1900-01-01 02:03:31,"Santiago, Chile",Santiago; Chile,city / area,null,4,13,;315;316;317;318;319;320;321;322;323;324;325;326;327,";Santiago, Chile;Santiago, Chile;Chile;Chile;Chile;Pedro de Valdivia Norte, Santiago, Chile;San Cristobal Hill, Santiago, Chile;San Cristobal Hill, Santiago, Chile;Catedral, Santiago, Chile;Santiago, Chile;Vicuña Mackenna, Santiago, Chile;Pedro de Valdivia Norte, Santiago, Chile;Ñuñoa, Santiago, Chile",3,;315;316;324,";Santiago, Chile;Santiago, Chile;Santiago, Chile",7,;320;321;322;323;325;326;327,";Pedro de Valdivia Norte, Santiago, Chile;San Cristobal Hill, Santiago, Chile;San Cristobal Hill, Santiago, Chile;Catedral, Santiago, Chile;Vicuña Mackenna, Santiago, Chile;Pedro de Valdivia Norte, Santiago, Chile;Ñuñoa, Santiago, Chile",3,;317;318;319,;Chile;Chile;Chile
213,3.0,207.0,0:33:14,0:34:00,1900-01-01 02:03:31,1900-01-01 02:04:17,"Card Jose Maria Caro, Lo Espejo, Santiago, Chile",Card Jose Maria Caro; Lo Espejo; Santiago; Chile,local,null,3,3,;328;329;330,";Card Jose Maria Caro, Lo Espejo, Santiago, Chile;Card Jose Maria Caro, Lo Espejo, Santiago, Chile;Chile",2,;328;329,";Card Jose Maria Caro, Lo Espejo, Santiago, Chile;Card Jose Maria Caro, Lo Espejo, Santiago, Chile",0,,,1,;330,;Chile
214,3.0,208.0,0:34:00,0:35:03,1900-01-01 02:04:17,1900-01-01 02:05:20,"Montreal, Canada",Montreal; Canada,city / area,null,4,15,;331;332;333;334;335;336;337;338;339;340;341;342;343;344;345,";Montreal, Canada;Montreal, Canada;Rue Isabella, Montreal, Canada;Rue St Denis, Montreal, Canada;Square Saint-Louis, Montreal, Canada;Montreal, Canada;Rue Molson, Montreal, Canada;Parc Molson, Montreal, Canada;Rue Souart, Montreal, Canada;Montreal, Canada;Westmount, Canada;Rue Souart, Montreal, Canada;Avenue Decelles, Montreal, Canada;Université de Montréal, Montreal, Canada;Montreal, Canada",5,;331;332;336;340;345,";Montreal, Canada;Montreal, Canada;Montreal, Canada;Montreal, Canada;Montreal, Canada",9,;333;334;335;337;338;339;342;343;344,";Rue Isabella, Montreal, Canada;Rue St Denis, Montreal, Canada;Square Saint-Louis, Montreal, Canada;Rue Molson, Montreal, Canada;Parc Molson, Montreal, Canada;Rue Souart, Montreal, Canada;Rue Souart, Montreal, Canada;Avenue Decelles, Montreal, Canada;Université de Montréal, Montreal, Canada",0,,
215,3.0,209.0,0:35:03,0:35:50,1900-01-01 02:05:20,1900-01-01 02:06:07,"Montreal, Canada",Montreal; Canada,city / area,null,4,13,;346;347;348;349;350;351;352;353;354;355;356;357;358,";Montreal, Canada;Olympic Stadium, Montreal, Canada;Rosemont, Montreal, Canada;Downtown, Montreal, Canada;Rue Milton, Montreal, Canada;Milton-Parc, Montreal, Canada;Côte-des-Neiges, Montreal, Canada;Station Vendôme, Montreal, Canada;Outremont, Montreal, Canada;Notre-Dame-de Grâce, Montreal, Canada;Laval, Canada;Laval, Canada;South Shore Canal, St-Lambert, Canada",1,;346,";Montreal, Canada",9,;347;348;349;350;351;352;353;354;355,";Olympic Stadium, Montreal, Canada;Rosemont, Montreal, Canada;Downtown, Montreal, Canada;Rue Milton, Montreal, Canada;Milton-Parc, Montreal, Canada;Côte-des-Neiges, Montreal, Canada;Station Vendôme, Montreal, Canada;Outremont, Montreal, Canada;Notre-Dame-de Grâce, Montreal, Canada",0,,
216,3.0,210.0,0:35:50,0:36:41,1900-01-01 02:06:07,1900-01-01 02:06:58,"Montreal, Canada",Montreal; Canada,city / area,null,4,5,;359;360;361;362;363,";Montreal, Canada;Montreal, Canada;UQAM, Montreal, Canada;Vieux-Montréal, Montreal, Canada;Vieux-Montréal, Montreal, Canada",2,;359;360,";Montreal, Canada;Montreal, Canada",3,;361;362;363,";UQAM, Montreal, Canada;Vieux-Montréal, Montreal, Canada;Vieux-Montréal, Montreal, Canada",0,,
217,3.0,211.0,0:36:41,0:36:51,1900-01-01 02:06:58,1900-01-01 02:07:08,_end,none,null,null,8,0,,,0,,,0,,,0,,
218,3.0,212.0,0:36:51,0:37:20,1900-01-01 02:07:08,1900-01-01 02:07:37,"Montreal, Canada",Montreal; Canada,city / area,null,4,4,;364;365;366;367,";Rue St Denis, Montreal, Canada;Latin Quarter, Montreal, Canada;Rue Sainte-Catherine, Montreal, Canada;Chemin de la Côte-des-Neiges, Montreal, Canada",0,,,4,;364;365;366;367,";Rue St Denis, Montreal, Canada;Latin Quarter, Montreal, Canada;Rue Sainte-Catherine, Montreal, Canada;Chemin de la Côte-des-Neiges, Montreal, Canada",0,,
219,3.0,213.0,0:37:20,0:39:06,1900-01-01 02:07:37,1900-01-01 02:09:23,"Chemin de la Côte-des-Neiges, Montreal, Canada",Chemin de la Côte-des-Neiges between Queen Mary and Jean-Brillant; Montreal; Canada,very local,null,2,10,;368;369;370;371;372;373;374;375;376;377,";Chemin de la Côte-des-Neiges, Montreal, Canada;Université de Montréal, Montreal, Canada;Chemin Queen Mary, Montreal, Canada;Rue Jean-Brillant, Montreal, Canada;Brûlerie St-Denis, Côte-des-Neiges, Montreal, Canada;Renaud Bray, Côte-des-Neiges, Montreal, Canada;Librairie Olivieri, Montreal, Canada;Brûlerie St-Denis, Côte-des-Neiges, Montreal, Canada;Chemin de la Côte-des-Neiges, Montreal, Canada;Librairie Olivieri, Montreal, Canada",2,;368;376,";Chemin de la Côte-des-Neiges, Montreal, Canada;Chemin de la Côte-des-Neiges, Montreal, Canada",0,,,0,,
220,3.0,214.0,0:39:06,0:39:14,1900-01-01 02:09:23,1900-01-01 02:09:31,_end,none,null,null,8,0,,,0,,,0,,,0,,
221,3.0,215.0,0:39:14,0:40:12,1900-01-01 02:09:31,1900-01-01 02:10:29,_end,none,null,null,8,1,;378,;Latin America,0,,,0,,,0,,
222,3.0,216.0,0:40:12,0:40:18,1900-01-01 02:10:29,1900-01-01 02:10:35,_end,none,null,null,8,0,,,0,,,0,,,0,,
223,3.0,217.0,0:40:18,0:41:36,1900-01-01 02:10:35,1900-01-01 02:11:53,"University of Chile, Santiago, Chile",University of Chile; Santiago; Chile,very local,null,2,2,;379;380,";University of Chile, Santiago, Chile;Morocco",1,;379,";University of Chile, Santiago, Chile",0,,,0,,
224,3.0,218.0,0:41:36,0:42:52,1900-01-01 02:11:53,1900-01-01 02:13:09,"Montreal, Canada",Montreal; Canada,city / area,null,4,2,;381;382,";Quebec, Canada;Chile",0,,,0,,,0,,
225,3.0,219.0,0:42:52,0:43:43,1900-01-01 02:13:09,1900-01-01 02:14:00,Chile,Chile,country,null,6,3,;383;384;385,";Chile;Sorbonne, Paris, France;France",1,;383,;Chile,0,,,0,,
226,3.0,220.0,0:43:43,0:44:50,1900-01-01 02:14:00,1900-01-01 02:15:07,"Montreal, Canada",Montreal; Canada,city / area,null,4,1,;386,;Caribbean,0,,,0,,,0,,
227,3.0,221.0,0:44:50,0:45:02,1900-01-01 02:15:07,1900-01-01 02:15:19,_end,none,null,null,8,0,,,0,,,0,,,0,,
228,3.0,222.0,0:45:02,0:45:02,1900-01-01 02:15:19,1900-01-01 02:15:19,"Montreal, Canada",Montreal; Canada,city / area,null,4,0,,,0,,,0,,,0,,
229,3.0,223.0,0:45:02,0:48:35,1900-01-01 02:15:19,1900-01-01 02:18:52,"CIDIHCA, Montreal, Canada",Centre International De Documentation & D'Information Haitienne Caraïbéenne & Afrocanadienne; Montreal; Canada,very local,null,2,3,;387;388;389,";Quebec, Canada;Latin America;Argentina",0,,,0,,,0,,
230,3.0,224.0,0:48:35,0:48:39,1900-01-01 02:18:52,1900-01-01 02:18:56,_end,none,null,null,8,0,,,0,,,0,,,0,,
231,3.0,225.0,0:48:39,0:49:55,1900-01-01 02:18:56,1900-01-01 02:20:12,"Montreal, Canada",Montreal; Canada,city / area,null,4,8,;390;391;392;393;394;395;396;397,";Montreal, Canada;Conseil des Arts de Montréal, Montreal, Canada;Vues D'Afrique, Montreal, Canada;Haiti;Montreal, Canada;Montreal, Canada;Conseil Interculturel de Montréal, Montreal, Canada;Office de consultation publique de Montréal, Montreal, Canada",3,;390;394;395,";Montreal, Canada;Montreal, Canada;Montreal, Canada",4,;391;392;396;397,";Conseil des Arts de Montréal, Montreal, Canada;Vues D'Afrique, Montreal, Canada;Conseil Interculturel de Montréal, Montreal, Canada;Office de consultation publique de Montréal, Montreal, Canada",0,,
232,3.0,226.0,0:49:55,0:50:14,1900-01-01 02:20:12,1900-01-01 02:20:31,Canada,Canada,country,null,6,4,;398;399;400;401,";Toronto, Canada;Vancouver, Canada;Winnipeg, Canada;Canada",1,;401,;Canada,3,;398;399;400,";Toronto, Canada;Vancouver, Canada;Winnipeg, Canada",0,,
233,3.0,227.0,0:50:14,0:50:25,1900-01-01 02:20:31,1900-01-01 02:20:42,_end,none,null,null,8,0,,,0,,,0,,,0,,
234,3.0,228.0,0:50:25,0:51:06,1900-01-01 02:20:42,1900-01-01 02:21:23,"Port-au-Prince, Haiti",Port-au-Prince; Haiti,city / area,null,4,1,;402,;Haiti,0,,,0,,,1,;402,;Haiti
235,3.0,229.0,0:51:06,0:52:40,1900-01-01 02:21:23,1900-01-01 02:22:57,_end,many,null,null,8,14,;403;404;405;406;407;408;409;410;411;412;413;414;415;416,";Haiti;Haiti;Montreal, Canada;Havana, Cuba;Barcelona, Spain;Paris, France;Espace Marcel Carne, Paris, France;Musée d'Ethnographie de Genève, Geneva, Switzerland;Haiti;Croix-des-Bouquets, Haiti;Port-au-Prince, Haiti;Concordia University, Montreal, Canada;Haiti;Bibliothèque et archives nationales du Québec, Montreal, Canada",0,,,0,,,0,,
236,3.0,230.0,0:52:40,0:52:42,1900-01-01 02:22:57,1900-01-01 02:22:59,_end,none,null,null,8,0,,,0,,,0,,,0,,
237,3.0,231.0,0:52:42,0:53:25,1900-01-01 02:22:59,1900-01-01 02:23:42,_end,none,null,null,8,0,,,0,,,0,,,0,,
238,3.0,232.0,0:53:25,0:53:32,1900-01-01 02:23:42,1900-01-01 02:23:49,_end,none,null,null,8,0,,,0,,,0,,,0,,
239,3.0,233.0,0:53:32,0:55:27,1900-01-01 02:23:49,1900-01-01 02:25:44,"CIDIHCA, Montreal, Canada",Centre International De Documentation & D'Information Haitienne Caraïbéenne & Afrocanadienne; Montreal; Canada,very local,null,2,10,;417;418;419;420;421;422;423;424;425;426,";Venezuela;Puerto Rico;Cuba;Dominican Republic;Haiti;France;Toronto, Canada;Toronto, Canada;Canada;Canada",0,,,0,,,2,;425;426,;Canada;Canada
240,3.0,234.0,0:55:27,0:55:30,1900-01-01 02:25:44,1900-01-01 02:25:47,_end,none,null,null,8,0,,,0,,,0,,,0,,
241,3.0,235.0,0:55:30,0:57:19,1900-01-01 02:25:47,1900-01-01 02:27:36,USA,USA; Quebec; Canada,country,null,6,11,;427;428;429;430;431;432;433;434;435;436;437,";Saint-Hubert, Canada;McGill, Montreal, Canada;Bas-Saint-Laurent, Canada;Saint-Mathieu-de-Rioux, Canada;Rimouski, Canada;New York City, USA;Baruch College, New York City, USA;New York City, USA;USA;Temple University, Philadelphia, USA;Philadelphia, USA",1,;435,;USA,5,;432;433;434;436;437,";New York City, USA;Baruch College, New York City, USA;New York City, USA;Temple University, Philadelphia, USA;Philadelphia, USA",0,,
242,null,null,null,null,1900-01-01 02:25:47,1900-01-01 02:27:36,"Quebec, Canada",null,region,null,5,11,;427;428;429;430;431;432;433;434;435;436;437,";Saint-Hubert, Canada;McGill, Montreal, Canada;Bas-Saint-Laurent, Canada;Saint-Mathieu-de-Rioux, Canada;Rimouski, Canada;New York City, USA;Baruch College, New York City, USA;New York City, USA;USA;Temple University, Philadelphia, USA;Philadelphia, USA",0,,,0,,,0,,
243,3.0,236.0,0:57:19,0:57:34,1900-01-01 02:27:36,1900-01-01 02:27:51,Haiti,Haiti,country,null,6,4,;438;439;440;441,;Haiti;Haiti;Haiti;Haiti,4,;438;439;440;441,;Haiti;Haiti;Haiti;Haiti,0,,,0,,
244,3.0,237.0,0:57:34,0:58:07,1900-01-01 02:27:51,1900-01-01 02:28:24,USA,USA; Quebec; Canada,country,null,6,5,;442;443;444;445;446,";Haiti;USA;Quebec, Canada;Quebec, Canada;Montreal, Canada",1,;443,;USA,0,,,0,,
245,null,null,null,null,1900-01-01 02:27:51,1900-01-01 02:28:24,"Quebec, Canada",null,region,null,5,5,;442;443;444;445;446,";Haiti;USA;Quebec, Canada;Quebec, Canada;Montreal, Canada",2,;444;445,";Quebec, Canada;Quebec, Canada",0,,,0,,
246,3.0,238.0,0:58:07,0:58:27,1900-01-01 02:28:24,1900-01-01 02:28:44,_end,none,null,null,8,0,,,0,,,0,,,0,,
247,3.0,239.0,0:58:27,0:58:40,1900-01-01 02:28:44,1900-01-01 02:28:57,"Longueuil, Canada",Longueuil; New York City,city / area,null,4,2,;447;448,";Longueuil, Canada;New York City, USA",1,;447,";Longueuil, Canada",0,,,0,,
248,null,null,null,null,1900-01-01 02:28:44,1900-01-01 02:28:57,"New York City, USA",null,city / area,null,4,2,;447;448,";Longueuil, Canada;New York City, USA",1,;448,";New York City, USA",0,,,0,,
249,3.0,240.0,0:58:40,0:58:47,1900-01-01 02:28:57,1900-01-01 02:29:04,_end,none,null,null,8,0,,,0,,,0,,,0,,
250,3.0,241.0,0:58:47,0:59:00,1900-01-01 02:29:04,1900-01-01 02:29:17,_end,none,null,null,8,1,;449,;Haiti,0,,,0,,,0,,
251,3.0,242.0,0:59:00,0:59:03,1900-01-01 02:29:17,1900-01-01 02:29:20,_end,none,null,null,8,0,,,0,,,0,,,0,,
252,3.0,243.0,0:59:03,1:01:00,1900-01-01 02:29:20,1900-01-01 02:31:17,_end,many,null,null,8,8,;450;451;452;453;454;455;456;457,";Montreal, Canada;Port-au-Prince, Haiti;Rimouski, Canada;New York City, USA;Montreal, Canada;Montreal, Canada;Haiti;France",0,,,0,,,0,,
253,3.0,244.0,1:01:00,1:02:06,1900-01-01 02:31:17,1900-01-01 02:32:23,_end,none,null,null,8,0,,,0,,,0,,,0,,
254,3.0,245.0,1:02:06,1:03:04,1900-01-01 02:32:23,1900-01-01 02:33:21,Haiti,Haiti; Montreal; Canada,country,null,6,6,;458;459;460;461;462;463,";Haiti;Haiti;Côte-des-Neiges, Montreal, Canada;Côte-des-Neiges, Montreal, Canada;Côte-des-Neiges, Montreal, Canada;Notre-Dame-des-Neiges Cemetery, Montreal, Canada",2,;458;459,;Haiti;Haiti,0,,,0,,
255,null,null,null,null,1900-01-01 02:32:23,1900-01-01 02:33:21,"Montreal, Canada",null,city / area,null,4,6,;458;459;460;461;462;463,";Haiti;Haiti;Côte-des-Neiges, Montreal, Canada;Côte-des-Neiges, Montreal, Canada;Côte-des-Neiges, Montreal, Canada;Notre-Dame-des-Neiges Cemetery, Montreal, Canada",0,,,4,;460;461;462;463,";Côte-des-Neiges, Montreal, Canada;Côte-des-Neiges, Montreal, Canada;Côte-des-Neiges, Montreal, Canada;Notre-Dame-des-Neiges Cemetery, Montreal, Canada",0,,
256,3.0,246.0,1:03:04,1:03:07,1900-01-01 02:33:21,1900-01-01 02:33:24,_end,none,null,null,8,0,,,0,,,0,,,0,,
257,3.0,247.0,1:03:07,1:04:19,1900-01-01 02:33:24,1900-01-01 02:34:36,"Montreal, Canada",Montreal; Canada,city / area,null,4,7,;464;465;466;467;468;469;470,";Haiti;Côte-des-Neiges, Montreal, Canada;Brossard, Canada;Longueuil, Canada;Laval, Canada;Longueuil, Canada;Laval, Canada",0,,,1,;465,";Côte-des-Neiges, Montreal, Canada",0,,
258,3.0,248.0,1:04:19,1:04:42,1900-01-01 02:34:36,1900-01-01 02:34:59,"Champlain Bridge, Canada",Champlain Bridge; Canada,very local,null,2,4,;471;472;473;474,";New York City, USA;New York City, USA;Champlain Bridge, Canada;Montreal, Canada",1,;473,";Champlain Bridge, Canada",0,,,0,,
259,3.0,249.0,1:04:42,1:05:22,1900-01-01 02:34:59,1900-01-01 02:35:39,"Montreal, Canada",Montreal; Canada,city / area,null,4,0,,,0,,,0,,,0,,
260,3.0,250.0,1:05:22,1:05:33,1900-01-01 02:35:39,1900-01-01 02:35:50,Haiti,Haiti,country,null,6,2,;475;476,;Haiti;Caribbean,1,;475,;Haiti,0,,,0,,
261,3.0,251.0,1:05:33,1:06:08,1900-01-01 02:35:50,1900-01-01 02:36:25,Haiti,Haiti,country,null,6,2,;477;478,;Haiti;Haiti,2,;477;478,;Haiti;Haiti,0,,,0,,
262,3.0,252.0,1:06:08,1:07:17,1900-01-01 02:36:25,1900-01-01 02:37:34,Caribbean,Carribean; Europe; North America,continent,null,7,17,;479;480;481;482;483;484;485;486;487;488;489;490;491;492;493;494;495,";Cuba;Oriente, Cuba;Dominican Republic;Guadeloupe;Dominica;Bahamas;Turks and Caicos Islands;French Guinea;Île-de-France, France;Belgium;Luxembourg;Switzerland;Miami, USA;Miami, USA;Miami, USA;Haiti;Haiti",0,,,0,,,0,,
263,null,null,null,null,1900-01-01 02:36:25,1900-01-01 02:37:34,Europe,null,continent,null,7,17,;479;480;481;482;483;484;485;486;487;488;489;490;491;492;493;494;495,";Cuba;Oriente, Cuba;Dominican Republic;Guadeloupe;Dominica;Bahamas;Turks and Caicos Islands;French Guinea;Île-de-France, France;Belgium;Luxembourg;Switzerland;Miami, USA;Miami, USA;Miami, USA;Haiti;Haiti",0,,,0,,,0,,
264,null,null,null,null,1900-01-01 02:36:25,1900-01-01 02:37:34,North America,null,continent,null,7,17,;479;480;481;482;483;484;485;486;487;488;489;490;491;492;493;494;495,";Cuba;Oriente, Cuba;Dominican Republic;Guadeloupe;Dominica;Bahamas;Turks and Caicos Islands;French Guinea;Île-de-France, France;Belgium;Luxembourg;Switzerland;Miami, USA;Miami, USA;Miami, USA;Haiti;Haiti",0,,,0,,,0,,
265,3.0,253.0,1:07:17,1:10:15,1900-01-01 02:37:34,1900-01-01 02:40:32,Haiti,Haiti; Europe; USA; Latin America ,country,null,6,10,;496;497;498;499;500;501;502;503;504;505,";Haiti;Haiti;Haiti;Haiti;England;USA; Savannah, USA;France;Versailles, France;Haiti",5,;496;497;498;499;505,;Haiti;Haiti;Haiti;Haiti;Haiti,0,,,0,,
266,null,null,null,null,1900-01-01 02:37:34,1900-01-01 02:40:32,Europe,null,continent,null,7,10,;496;497;498;499;500;501;502;503;504;505,";Haiti;Haiti;Haiti;Haiti;England;USA; Savannah, USA;France;Versailles, France;Haiti",0,,,0,,,0,,
267,null,null,null,null,1900-01-01 02:37:34,1900-01-01 02:40:32,USA,null,country,null,6,10,;496;497;498;499;500;501;502;503;504;505,";Haiti;Haiti;Haiti;Haiti;England;USA; Savannah, USA;France;Versailles, France;Haiti",1,;501,;USA,1,;502,"; Savannah, USA",0,,
268,null,null,null,null,1900-01-01 02:37:34,1900-01-01 02:40:32,Latin America,null,continent,null,7,10,;496;497;498;499;500;501;502;503;504;505,";Haiti;Haiti;Haiti;Haiti;England;USA; Savannah, USA;France;Versailles, France;Haiti",0,,,0,,,0,,
269,3.0,254.0,1:10:15,1:10:27,1900-01-01 02:40:32,1900-01-01 02:40:44,Haiti,Haiti; Montreal; Canada,country,null,6,2,;506;507,";Haiti;Montreal, Canada",1,;506,;Haiti,0,,,0,,
270,null,null,null,null,1900-01-01 02:40:32,1900-01-01 02:40:44,"Montreal, Canada",null,city / area,null,4,2,;506;507,";Haiti;Montreal, Canada",1,;507,";Montreal, Canada",0,,,0,,
271,3.0,255.0,1:10:27,1:10:50,1900-01-01 02:40:44,1900-01-01 02:41:07,Haiti,Haiti,country,null,6,6,;508;509;510;511;512;513,;Haiti;Haiti;Haiti;Haiti;Haiti;Haiti,6,;508;509;510;511;512;513,;Haiti;Haiti;Haiti;Haiti;Haiti;Haiti,0,,,0,,
272,3.0,256.0,1:10:50,1:11:12,1900-01-01 02:41:07,1900-01-01 02:41:29,Democratic Republic of the Congo,Democratic Republic of the Congo,country,null,6,2,;514;515,;Democratic Republic of the Congo;Democratic Republic of the Congo,2,;514;515,;Democratic Republic of the Congo;Democratic Republic of the Congo,0,,,0,,
273,3.0,257.0,1:11:12,1:11:50,1900-01-01 02:41:29,1900-01-01 02:42:07,"Quebec, Canada",Quebec; Canada,region,null,5,4,;516;517;518;519,";Democratic Republic of the Congo;Quebec, Canada;Quebec, Canada;Quebec, Canada",3,;517;518;519,";Quebec, Canada;Quebec, Canada;Quebec, Canada",0,,,0,,
274,3.0,258.0,1:11:50,1:12:07,1900-01-01 02:42:07,1900-01-01 02:42:24,Haiti,Haiti,country,null,6,1,;520,;Haiti,1,;520,;Haiti,0,,,0,,
275,3.0,259.0,1:12:07,1:12:33,1900-01-01 02:42:24,1900-01-01 02:42:50,_end,none,null,null,8,0,,,0,,,0,,,0,,
