,id,session_num,su_num,time_clip_start,time_clip_end,time_start,time_end,place,place_raw,scale,journey,scale_order,mention_freq,mention_index,mention_places,mention_match_freq,mention_match_index,mention_match_places,mention_coarser_match_freq,mention_coarser_match_index,mention_coarser_match_places,mention_finer_match_freq,mention_finer_match_index,mention_finer_match_places
0,1,1.0,1.0,0:00:00,0:00:40,1900-01-01 00:00:00,1900-01-01 00:00:40,_end,none,null,null,8,0,,,0,,,0,,,0,,
1,2,1.0,2.0,0:00:40,0:01:50,1900-01-01 00:00:40,1900-01-01 00:01:50,_end,none,null,null,8,5,;1;2;3;4;5,;Africa;Democratic Republic of Congo;England;Canada;Ethiopia,0,,,0,,,0,,
2,3,1.0,3.0,0:01:50,0:02:10,1900-01-01 00:01:50,1900-01-01 00:02:10,_end,none,null,null,8,0,,,0,,,0,,,0,,
3,4,1.0,4.0,0:02:10,0:07:45,1900-01-01 00:02:10,1900-01-01 00:07:45,Rwanda,Rwanda,country,null,6,1,;6,;Rwanda,1,;6,;Rwanda,0,,,0,,
4,5,1.0,5.0,0:07:45,0:14:10,1900-01-01 00:07:45,1900-01-01 00:14:10,Rwanda,Rwanda,country,null,6,1,;7,;Rwanda,1,;7,;Rwanda,0,,,0,,
5,6,1.0,6.0,0:14:10,0:14:40,1900-01-01 00:14:10,1900-01-01 00:14:40,Rwanda,Rwanda,country,null,6,0,,,0,,,0,,,0,,
6,7,1.0,7.0,0:14:40,0:16:20,1900-01-01 00:14:40,1900-01-01 00:16:20,Rwanda,Rwanda,country,null,6,0,,,0,,,0,,,0,,
7,8,1.0,8.0,0:16:20,0:21:25,1900-01-01 00:16:20,1900-01-01 00:21:25,Rwanda,Rwanda,country,null,6,1,;13,;Democratic Republic of Congo,0,,,0,,,0,,
8,9,1.0,9.0,0:21:25,0:21:40,1900-01-01 00:21:25,1900-01-01 00:21:40,"Kibuye, Rwanda","Kibuye, Rwanda",local,null,3,0,,,0,,,0,,,0,,
9,10,1.0,10.0,0:21:40,0:24:15,1900-01-01 00:21:40,1900-01-01 00:24:15,"Kibuye, Rwanda","Kibuye, Rwanda",local,null,3,2,;8;9,";Nyanza, Rwanda;Nyanza, Rwanda",0,,,0,,,0,,
10,11,1.0,11.0,0:24:15,0:26:50,1900-01-01 00:24:15,1900-01-01 00:26:50,"Lac Kivu, Rwanda",Lac Kivu,city / area,null,4,1,;10,";Lac Kivu, Rwanda",1,;10,";Lac Kivu, Rwanda",0,,,0,,
11,12,1.0,12.0,0:26:50,0:27:10,1900-01-01 00:26:50,1900-01-01 00:27:10,Rwanda,Rwanda,country,null,6,0,,,0,,,0,,,0,,
12,13,1.0,13.0,0:27:10,0:30:50,1900-01-01 00:27:10,1900-01-01 00:30:50,Democratic Republic of Congo,Democratic Republic of Congo,country,null,6,5,;11;12;14;15;16,;Rwanda;Democratic Republic of Congo;Rwanda;Rwanda;Democratic Republic of Congo,2,;12;16,;Democratic Republic of Congo;Democratic Republic of Congo,0,,,0,,
13,14,1.0,14.0,0:30:50,0:36:10,1900-01-01 00:30:50,1900-01-01 00:36:10,"Kibuye, Rwanda","Kibuye, Rwanda",local,null,3,0,,,0,,,0,,,0,,
14,15,1.0,15.0,0:36:10,0:40:10,1900-01-01 00:36:10,1900-01-01 00:40:10,Rwanda,Rwanda,country,null,6,2,;17;18,";Kigali, Rwanda;Democratic Republic of Congo",0,,,1,;17,";Kigali, Rwanda",0,,
15,16,1.0,16.0,0:40:10,0:40:40,1900-01-01 00:40:10,1900-01-01 00:40:40,"Kibuye, Rwanda","Kibuye, Rwanda",local,null,3,0,,,0,,,0,,,0,,
16,17,1.0,17.0,0:40:40,0:41:30,1900-01-01 00:40:40,1900-01-01 00:41:30,Democratic Republic of Congo,Democratic Republic of Congo,country,null,6,1,;19,;Rwanda,0,,,0,,,0,,
17,18,1.0,18.0,0:41:30,0:41:50,1900-01-01 00:41:30,1900-01-01 00:41:50,"Kibuye, Rwanda","Kibuye, Rwanda",local,null,3,0,,,0,,,0,,,0,,
18,19,1.0,19.0,0:41:50,0:42:45,1900-01-01 00:41:50,1900-01-01 00:42:45,"Kibuye, Rwanda","Kibuye, Rwanda",local,null,3,0,,,0,,,0,,,0,,
19,20,1.0,20.0,0:42:45,0:46:15,1900-01-01 00:42:45,1900-01-01 00:46:15,"Kibuye, Rwanda","Kibuye, Rwanda",local,null,3,0,,,0,,,0,,,0,,
20,21,1.0,21.0,0:46:15,0:46:33,1900-01-01 00:46:15,1900-01-01 00:46:33,_end,none,null,null,8,0,,,0,,,0,,,0,,
21,22,1.0,22.0,0:46:33,0:49:05,1900-01-01 00:46:33,1900-01-01 00:49:05,_end,None,null,null,8,2,;20;21,";Tripoli, Libya;Canada",0,,,0,,,0,,
22,23,1.0,23.0,0:49:05,0:53:40,1900-01-01 00:49:05,1900-01-01 00:53:40,"Ottawa, Canada","Ottawa, Canada",city / area,null,4,0,,,0,,,0,,,0,,
23,24,1.0,24.0,0:53:40,0:54:10,1900-01-01 00:53:40,1900-01-01 00:54:10,_end,none,null,null,8,0,,,0,,,0,,,0,,
24,25,1.0,25.0,0:54:10,0:59:00,1900-01-01 00:54:10,1900-01-01 00:59:00,Rwanda,Rwanda,country,null,6,1,;22,;Rwanda,1,;22,;Rwanda,0,,,0,,
25,26,1.0,26.0,0:59:00,0:59:15,1900-01-01 00:59:00,1900-01-01 00:59:15,_end,none,null,null,8,0,,,0,,,0,,,0,,
26,27,1.0,27.0,0:59:15,1:04:55,1900-01-01 00:59:15,1900-01-01 01:04:55,Rwanda,Rwanda,country,null,6,7,;23;24;25;26;27;28;29,";Democratic Republic of Congo;Democratic Republic of Congo;Kampala, Uganda;Kampala, Uganda;Rwanda;Kampala, Uganda;Kampala, Uganda",1,;27,;Rwanda,0,,,0,,
27,28,1.0,28.0,1:04:55,1:10:30,1900-01-01 01:04:55,1900-01-01 01:10:30,"Gitwe, Rwanda","Gitwe, Rwanda",local,null,3,7,;30;31;32;33;34;35;36,";Rwanda;Gitwe, Rwanda;Nyanza, Rwanda;Butare, Rwanda;Rwanda;Tunisia;Democratic Republic of Congo",1,;31,";Gitwe, Rwanda",0,,,2,;30;34,;Rwanda;Rwanda
28,29,1.0,29.0,1:10:30,1:10:40,1900-01-01 01:10:30,1900-01-01 01:10:40,_end,none,null,null,8,0,,,0,,,0,,,0,,
29,30,1.0,30.0,1:10:40,1:14:23,1900-01-01 01:10:40,1900-01-01 01:14:23,Rwanda,Rwanda,country,null,6,2,;37;38,";Rwanda;Goma, Democratic Republic of Congo",1,;37,;Rwanda,0,,,0,,
30,31,1.0,31.0,1:14:23,1:14:45,1900-01-01 01:14:23,1900-01-01 01:14:45,Rwanda,Rwanda,country,null,6,0,,,0,,,0,,,0,,
31,32,1.0,32.0,1:14:45,1:16:55,1900-01-01 01:14:45,1900-01-01 01:16:55,Rwanda,Rwanda,country,null,6,1,;39,;Rwanda,1,;39,;Rwanda,0,,,0,,
32,33,1.0,33.0,1:16:55,1:17:47,1900-01-01 01:16:55,1900-01-01 01:17:47,Rwanda,Rwanda,country,null,6,1,;40,;Rwanda,1,;40,;Rwanda,0,,,0,,
33,34,1.0,34.0,1:17:47,1:20:35,1900-01-01 01:17:47,1900-01-01 01:20:35,"Nairobi, Kenya","Nairobi, Kenya",city / area,null,4,11,;41;42;43;44;45;46;47;48;49;50;51,";Goma, Democratic Republic of Congo;Nairobi, Kenya;Nairobi, Kenya;Democratic Republic of Congo;Kampala, Uganda;Nairobi, Kenya;Nairobi, Kenya;Nairobi, Kenya;Dar es Salaam;Addis Ababa, Ethiopia;Nairobi, Kenya",6,;42;43;46;47;48;51,";Nairobi, Kenya;Nairobi, Kenya;Nairobi, Kenya;Nairobi, Kenya;Nairobi, Kenya;Nairobi, Kenya",0,,,0,,
34,35,1.0,35.0,1:20:35,1:21:40,1900-01-01 01:20:35,1900-01-01 01:21:40,"Nairobi, Kenya","Nairobi, Kenya",city / area,null,4,1,;52,";Nairobi, Kenya",1,;52,";Nairobi, Kenya",0,,,0,,
35,36,1.0,36.0,1:21:40,1:23:15,1900-01-01 01:21:40,1900-01-01 01:23:15,Rwanda,Rwanda,country,null,6,0,,,0,,,0,,,0,,
36,37,1.0,37.0,1:23:15,1:24:15,1900-01-01 01:23:15,1900-01-01 01:24:15,"Nairobi, Kenya","Nairobi, Kenya",city / area,null,4,4,;53;54;55;56,";Nairobi, Kenya;Nairobi, Kenya;Nairobi, Kenya;Rwanda",3,;53;54;55,";Nairobi, Kenya;Nairobi, Kenya;Nairobi, Kenya",0,,,0,,
37,38,1.0,38.0,1:24:15,1:28:40,1900-01-01 01:24:15,1900-01-01 01:28:40,Rwanda,Rwanda,country,null,6,2,;57;58,;Democratic Republic of Congo;Rwanda,1,;58,;Rwanda,0,,,0,,
38,39,1.0,39.0,1:28:40,1:29:55,1900-01-01 01:28:40,1900-01-01 01:29:55,"Kigali, Rwanda","Kigali, Rwanda",city / area,null,4,4,;59;60;61;62,";Kigali, Rwanda;Democratic Republic of Congo;Addis Ababa, Ethiopia;Kigali, Rwanda",2,;59;62,";Kigali, Rwanda;Kigali, Rwanda",0,,,0,,
39,40,1.0,40.0,1:29:55,1:30:00,1900-01-01 01:29:55,1900-01-01 01:30:00,_end,none,null,null,8,0,,,0,,,0,,,0,,
40,41,1.0,41.0,1:30:00,1:30:18,1900-01-01 01:30:00,1900-01-01 01:30:18,_end,unknown,null,null,8,0,,,0,,,0,,,0,,
41,42,1.0,42.0,1:30:18,1:30:37,1900-01-01 01:30:18,1900-01-01 01:30:37,_end,none,null,null,8,0,,,0,,,0,,,0,,
42,43,1.0,43.0,1:30:37,1:36:40,1900-01-01 01:30:37,1900-01-01 01:36:40,"Kibuye, Rwanda","Kibuye, Rwanda",local,null,3,0,,,0,,,0,,,0,,
43,44,1.0,44.0,1:36:40,1:44:45,1900-01-01 01:36:40,1900-01-01 01:44:45,"Kibuye, Rwanda","Kibuye, Rwanda; Bisesero, Karongi, Western Province, Rwanda",local,null,3,3,;63;64;65,";Democratic Republic of Congo;Bisesero, Karongi, Western Province, Rwanda;Bisesero, Karongi, Western Province, Rwanda",0,,,0,,,0,,
44,45,null,null,1:36:40,1:44:45,1900-01-01 01:36:40,1900-01-01 01:44:45,"Bisesero, Karongi, Western Province, Rwanda",null,local,null,3,3,;63;64;65,";Democratic Republic of Congo;Bisesero, Karongi, Western Province, Rwanda;Bisesero, Karongi, Western Province, Rwanda",2,;64;65,";Bisesero, Karongi, Western Province, Rwanda;Bisesero, Karongi, Western Province, Rwanda",0,,,0,,
45,46,1.0,45.0,1:44:45,1:45:15,1900-01-01 01:44:45,1900-01-01 01:45:15,Rwanda,Rwanda,country,null,6,0,,,0,,,0,,,0,,
46,47,1.0,46.0,1:45:15,1:48:04,1900-01-01 01:45:15,1900-01-01 01:48:04,Rwanda,Rwanda,country,null,6,0,,,0,,,0,,,0,,
47,48,1.0,47.0,1:48:04,1:48:18,1900-01-01 01:48:04,1900-01-01 01:48:18,Rwanda,"Rwanda, Democratic Republic of Congo",country,null,6,0,,,0,,,0,,,0,,
48,49,null,null,1:48:04,1:48:18,1900-01-01 01:48:04,1900-01-01 01:48:18,Democratic Republic of Congo,null,country,null,6,0,,,0,,,0,,,0,,
49,50,1.0,48.0,1:48:18,1:50:06,1900-01-01 01:48:18,1900-01-01 01:50:06,Rwanda,Rwanda,country,null,6,0,,,0,,,0,,,0,,
50,51,1.0,49.0,1:50:06,1:52:10,1900-01-01 01:50:06,1900-01-01 01:52:10,"Idjwi Island, South-Kivu, Democratic Republic of the Congo","l'Ile Ijwi, Democratic Republic of Congo",city / area,null,4,8,;66;67;68;69;70;71;72;73,";Democratic Republic of Congo;Idjwi Island, South-Kivu, Democratic Republic of the Congo;Democratic Republic of Congo;Rwanda;Goma, Democratic Republic of Congo;Bukavu, Democratic Republic of Congo;Gisenyi, Rwanda;Cyangugu, Rwanda",1,;67,";Idjwi Island, South-Kivu, Democratic Republic of the Congo",0,,,0,,
51,52,1.0,50.0,1:52:10,1:56:15,1900-01-01 01:52:10,1900-01-01 01:56:15,"South-Kivu, Democratic Republic of the Congo","South-Kivu, Democratic Republic of the Congo",region,null,5,6,;74;75;76;77;78;79,";Democratic Republic of Congo;Goma, Democratic Republic of Congo;Bukavu, Democratic Republic of Congo;Goma, Democratic Republic of Congo;Idjwi Island, South-Kivu, Democratic Republic of the Congo;Lac Kivu, Rwanda",0,,,1,;78,";Idjwi Island, South-Kivu, Democratic Republic of the Congo",0,,
52,53,1.0,51.0,1:56:15,1:57:26,1900-01-01 01:56:15,1900-01-01 01:57:26,"Bobandana, Democratic Republic of Congo","Bobandana, Democratic Republic of Congo",local,null,3,2,;80;81,";Bobandana, Democratic Republic of Congo;Goma, Democratic Republic of Congo",1,;80,";Bobandana, Democratic Republic of Congo",0,,,0,,
53,54,1.0,52.0,1:57:26,1:59:12,1900-01-01 01:57:26,1900-01-01 01:59:12,Democratic Republic of Congo,Democratic Republic of Congo,country,null,6,0,,,0,,,0,,,0,,
54,55,2.0,53.0,1:59:12,2:00:00,1900-01-01 01:59:12,1900-01-01 02:00:00,"Bobandana, Democratic Republic of Congo","Bobandana, Democratic Republic of Congo",local,null,3,0,,,0,,,0,,,0,,
55,56,2.0,54.0,2:00:00,2:08:45,1900-01-01 02:00:00,1900-01-01 02:08:45,"Bobandana, Democratic Republic of Congo","Bobandana, Democratic Republic of Congo",local,null,3,13,;82;83;84;85;86;87;88;89;90;91;92;93;94,";Bobandana, Democratic Republic of Congo;Goma, Democratic Republic of Congo;Africa;France;Democratic Republic of Congo;Democratic Republic of Congo;Kivu, Democratic Republic of Congo;Kivu, Democratic Republic of Congo;Democratic Republic of Congo;Burundi;Tanzania;Uganda;Goma, Democratic Republic of Congo",1,;82,";Bobandana, Democratic Republic of Congo",0,,,3,;86;87;90,;Democratic Republic of Congo;Democratic Republic of Congo;Democratic Republic of Congo
56,57,2.0,55.0,2:08:45,2:13:10,1900-01-01 02:08:45,1900-01-01 02:13:10,"South-Kivu, Democratic Republic of the Congo","South-Kivu, Democratic Republic of the Congo",region,null,5,5,;95;96;97;98;99,";Democratic Republic of Congo;Kibuye, Rwanda;Gishyita, Rwanda;Rwamatamu, Rwanda;Kibuye, Rwanda",0,,,0,,,0,,
57,58,2.0,56.0,2:13:10,2:13:17,1900-01-01 02:13:10,1900-01-01 02:13:17,Democratic Republic of Congo,Democratic Republic of Congo,country,null,6,1,;100,;Rwanda,0,,,0,,,0,,
58,59,2.0,57.0,2:13:17,2:16:00,1900-01-01 02:13:17,1900-01-01 02:16:00,Democratic Republic of Congo,Democratic Republic of Congo,country,null,6,6,;101;102;103;104;105;106,";Rwanda;Democratic Republic of Congo;Rwanda;Democratic Republic of Congo;Kabgayi, Rwanda;Gitarama, Rwanda",2,;102;104,;Democratic Republic of Congo;Democratic Republic of Congo,0,,,0,,
59,60,2.0,58.0,2:16:00,2:16:10,1900-01-01 02:16:00,1900-01-01 02:16:10,"Kabgayi, Rwanda","Kabgayi, Rwanda",local,null,3,1,;107,";Bobandana, Democratic Republic of Congo",0,,,0,,,0,,
60,61,2.0,59.0,2:16:10,2:17:35,1900-01-01 02:16:10,1900-01-01 02:17:35,Burundi,Burundi,country,null,6,4,;108;109;110;111,";Kabgayi, Rwanda;Burundi;Burundi;Burundi",3,;109;110;111,;Burundi;Burundi;Burundi,0,,,0,,
61,62,2.0,60.0,2:17:35,2:23:05,1900-01-01 02:17:35,1900-01-01 02:23:05,Rwanda,Rwanda,country,null,6,16,;112;113;114;115;116;117;118;119;120;121;122;123;124;125;126;127,";Rwanda;Rwanda;Burundi;Rwanda;Gisenyi, Rwanda;Ruhengeri, Rwanda;Kibuye, Rwanda;Rwanda;Burundi;Kabgayi, Rwanda;Democratic Republic of Congo;Burundi;Democratic Republic of Congo;Uganda;Burundi;Democratic Republic of Congo",4,;112;113;115;119,;Rwanda;Rwanda;Rwanda;Rwanda,4,;116;117;118;121,";Gisenyi, Rwanda;Ruhengeri, Rwanda;Kibuye, Rwanda;Kabgayi, Rwanda",0,,
62,63,2.0,61.0,2:23:05,2:26:10,1900-01-01 02:23:05,1900-01-01 02:26:10,Democratic Republic of Congo,Democratic Republic of Congo,country,null,6,4,;128;129;130;131,";Democratic Republic of Congo;Gisenyi, Rwanda;Rwanda;l'institut supérieur pédagogique de Bukavu, Congo",1,;128,;Democratic Republic of Congo,0,,,0,,
63,64,2.0,62.0,2:26:10,2:27:45,1900-01-01 02:26:10,1900-01-01 02:27:45,"Bukavu, Democratic Republic of Congo","Bukavu, Democratic Republic of Congo",city / area,null,4,4,;132;133;134;135,";Nairobi, Kenya;Nairobi, Kenya;Bukavu, Democratic Republic of Congo;Nairobi, Kenya",1,;134,";Bukavu, Democratic Republic of Congo",0,,,0,,
64,65,2.0,63.0,2:27:45,2:32:00,1900-01-01 02:27:45,1900-01-01 02:33:10,"Bukavu, Democratic Republic of Congo; Cyangugu, Rwanda; Kibuye, Rwanda","Bukavu, Democratic Republic of Congo",journey,Journey 1,1,13,;136;137;138;139;140;141;142;143;144;145;146;147;148,";Addis Ababa, Ethiopia;Rwanda;Democratic Republic of Congo;Rwanda;Bukavu, Democratic Republic of Congo;Kibuye, Rwanda;Bukavu, Democratic Republic of Congo;Cyangugu, Rwanda;Cyangugu, Rwanda;Bukavu, Democratic Republic of Congo;Kibuye, Rwanda;Kibuye, Rwanda;Karengera, Rwanda",0,,,0,,,11,;137;138;139;140;141;142;143;144;145;146;147,";Rwanda;Democratic Republic of Congo;Rwanda;Bukavu, Democratic Republic of Congo;Kibuye, Rwanda;Bukavu, Democratic Republic of Congo;Cyangugu, Rwanda;Cyangugu, Rwanda;Bukavu, Democratic Republic of Congo;Kibuye, Rwanda;Kibuye, Rwanda"
67,68,2.0,66.0,2:33:10,2:34:39,1900-01-01 02:33:10,1900-01-01 02:34:39,"Karengera, Rwanda; Cyangugu, Rwanda; Bukavu, Democratic Republic of Congo","Karengera, Rwanda; Cyangugu, Rwanda; Bukavu, Democratic Republic of Congo",journey,journey 2,1,9,;149;150;151;152;153;154;155;156;157,";Cyangugu, Rwanda;Cyangugu, Rwanda;Cyangugu, Rwanda;Bukavu, Democratic Republic of Congo;Kibuye, Rwanda;Karengera, Rwanda;Cyangugu, Rwanda;Bukavu, Democratic Republic of Congo;Kibuye, Rwanda",0,,,0,,,7,;149;150;151;152;154;155;156,";Cyangugu, Rwanda;Cyangugu, Rwanda;Cyangugu, Rwanda;Bukavu, Democratic Republic of Congo;Karengera, Rwanda;Cyangugu, Rwanda;Bukavu, Democratic Republic of Congo"
68,69,2.0,67.0,2:34:39,2:35:35,1900-01-01 02:34:39,1900-01-01 02:35:35,"Kibuye, Rwanda","Kibuye, Rwanda",local,null,3,1,;158,";Kibuye, Rwanda",1,;158,";Kibuye, Rwanda",0,,,0,,
69,70,2.0,68.0,2:35:35,2:36:00,1900-01-01 02:35:35,1900-01-01 02:36:00,"Bukavu, Democratic Republic of Congo","Bukavu, Democratic Republic of Congo",city / area,null,4,2,;159;160,";Nairobi, Kenya;Bukavu, Democratic Republic of Congo",1,;160,";Bukavu, Democratic Republic of Congo",0,,,0,,
70,71,2.0,69.0,2:36:00,2:38:35,1900-01-01 02:36:00,1900-01-01 02:38:35,"Addis Ababa, Ethiopia","Addis Ababa, Ethiopia",city / area,null,4,7,;161;162;163;164;165;166;167,";Addis Ababa, Ethiopia;Ethiopia;Ethiopia;Addis Ababa, Ethiopia;Addis Ababa, Ethiopia;Addis Ababa University;Rwanda",3,;161;164;165,";Addis Ababa, Ethiopia;Addis Ababa, Ethiopia;Addis Ababa, Ethiopia",0,,,2,;162;163,;Ethiopia;Ethiopia
71,72,2.0,70.0,2:38:35,2:39:40,1900-01-01 02:38:35,1900-01-01 02:39:40,"Bukavu, Democratic Republic of Congo","Bukavu, Democratic Republic of Congo",city / area,null,4,4,;168;169;170;171,";Bukavu, Democratic Republic of Congo;Rwanda;Democratic Republic of Congo;Bukavu, Democratic Republic of Congo",2,;168;171,";Bukavu, Democratic Republic of Congo;Bukavu, Democratic Republic of Congo",0,,,1,;170,;Democratic Republic of Congo
72,73,2.0,71.0,2:39:40,2:40:20,1900-01-01 02:39:40,1900-01-01 02:40:20,"Kibuye, Rwanda","Kibuye, Rwanda",local,null,3,3,;172;173;174,;Rwanda;Rwanda;Democratic Republic of Congo,0,,,0,,,2,;172;173,;Rwanda;Rwanda
73,74,2.0,72.0,2:40:20,2:41:10,1900-01-01 02:40:20,1900-01-01 02:41:10,"Addis Ababa, Ethiopia; Bujumbura, Burundi; Bukavu, Democratic Republic of Congo; Cyangugu, Rwanda; Karengera, Rwanda; Kibuye, Rwanda","Addis Ababa, Ethiopia; Bujumbura, Burundi; Bukavu, Democratic Republic of Congo; Cyangugu, Rwanda; Karengera, Rwanda; Kibuye, Rwanda",journey,journey 3,1,7,;175;176;177;178;179;180;181,";Addis Ababa, Ethiopia;Bujumbura, Burundi;Bujumbura, Burundi;Bujumbura, Burundi;Bujumbura, Burundi;Bukavu, Democratic Republic of Congo;Cyangugu, Rwanda",0,,,0,,,7,;175;176;177;178;179;180;181,";Addis Ababa, Ethiopia;Bujumbura, Burundi;Bujumbura, Burundi;Bujumbura, Burundi;Bujumbura, Burundi;Bukavu, Democratic Republic of Congo;Cyangugu, Rwanda"
74,75,2.0,73.0,2:41:10,2:41:28,1900-01-01 02:41:10,1900-01-01 02:41:28,"Kibuye, Rwanda","Kibuye, Rwanda",local,null,3,0,,,0,,,0,,,0,,
75,76,2.0,74.0,2:41:28,2:41:33,1900-01-01 02:41:28,1900-01-01 02:41:33,"Kibuye, Rwanda","Kibuye, Rwanda",local,null,3,0,,,0,,,0,,,0,,
76,77,2.0,75.0,2:41:33,2:42:30,1900-01-01 02:41:33,1900-01-01 02:42:30,"Kibuye, Rwanda","Kibuye, Rwanda",local,null,3,3,;182;183;185,";Democratic Republic of Congo;Addis Ababa, Ethiopia;Bujumbura, Burundi",0,,,0,,,0,,
77,78,2.0,76.0,2:42:30,2:45:10,1900-01-01 02:42:30,1900-01-01 02:45:10,"Addis Ababa, Ethiopia","Addis Ababa, Ethiopia",city / area,null,4,15,;184;186;187;188;189;190;191;192;193;194;195;196;197;198;199,";Rwanda;Addis Ababa, Ethiopia;Rwanda;Bujumbura, Burundi;Burundi;Bujumbura, Burundi;Addis Ababa, Ethiopia;Addis Ababa, Ethiopia;Rwanda;Bukavu, Democratic Republic of Congo;Bukavu, Democratic Republic of Congo;Bukavu, Democratic Republic of Congo;Addis Ababa, Ethiopia;Ethiopia;Ethiopia",4,;186;191;192;197,";Addis Ababa, Ethiopia;Addis Ababa, Ethiopia;Addis Ababa, Ethiopia;Addis Ababa, Ethiopia",0,,,2,;198;199,;Ethiopia;Ethiopia
78,79,2.0,77.0,2:44:30,2:45:05,1900-01-01 02:44:30,1900-01-01 02:45:05,"Kibuye, Rwanda; Bukavu, Democratic Republic of Congo; Bujumbura, Burundi; Addis Ababa","Kibuye, Rwanda; Bukavu, Democratic Republic of Congo; Bujumbura, Burundi; Addis Ababa",journey,Journey 4,1,6,;193;194;195;196;197;199,";Rwanda;Bukavu, Democratic Republic of Congo;Bukavu, Democratic Republic of Congo;Bukavu, Democratic Republic of Congo;Addis Ababa, Ethiopia;Ethiopia",0,,,0,,,4,;193;194;195;196,";Rwanda;Bukavu, Democratic Republic of Congo;Bukavu, Democratic Republic of Congo;Bukavu, Democratic Republic of Congo"
79,80,2.0,78.0,2:45:05,2:45:20,1900-01-01 02:45:05,1900-01-01 02:45:20,"Addis Ababa, Ethiopia","Addis Ababa, Ethiopia",city / area,null,4,0,,,0,,,0,,,0,,
80,81,2.0,79.0,2:45:20,2:45:30,1900-01-01 02:45:20,1900-01-01 02:45:30,"Addis Ababa, Ethiopia","Addis Ababa, Ethiopia",city / area,null,4,0,,,0,,,0,,,0,,
81,82,2.0,80.0,2:45:30,2:48:05,1900-01-01 02:45:30,1900-01-01 02:48:05,"Addis Ababa, Ethiopia","Addis Ababa, Ethiopia",city / area,null,4,5,;200;201;202;203;204,";Ethiopia;Tripoli, Libya;Addis Ababa, Ethiopia;Tripoli, Libya;Ethiopia",1,;202,";Addis Ababa, Ethiopia",0,,,2,;200;204,;Ethiopia;Ethiopia
82,83,2.0,81.0,2:48:05,2:50:10,1900-01-01 02:48:05,1900-01-01 02:50:10,_end,none,null,null,8,3,;205;206;207,";Democratic Republic of Congo;Goma, Democratic Republic of Congo;Ethiopia",0,,,0,,,0,,
83,84,2.0,82.0,2:50:10,2:52:10,1900-01-01 02:50:10,1900-01-01 02:52:10,Ethiopia,Ethiopia,country,null,6,5,;208;209;210;211;212,";Rwandan Embassy, Addis Ababa, Ethiopia;Democratic Republic of Congo;Rwandan Embassy, Kinshasa, Democratic Republic of Congo;Rwandan Embassy, Addis Ababa, Ethiopia;Democratic Republic of Congo",0,,,2,;208;211,";Rwandan Embassy, Addis Ababa, Ethiopia;Rwandan Embassy, Addis Ababa, Ethiopia",0,,
84,85,2.0,83.0,2:52:10,2:54:40,1900-01-01 02:52:10,1900-01-01 02:54:40,Democratic Republic of Congo,Democratic Republic of Congo,country,null,6,3,;213;214;215,;Rwanda;Rwanda;Democratic Republic of Congo,1,;215,;Democratic Republic of Congo,0,,,0,,
85,86,2.0,84.0,2:54:40,3:00:00,1900-01-01 02:54:40,1900-01-01 03:00:00,Uganda,Uganda,country,null,6,14,;216;217;218;219;220;221;222;223;224;225;226;227;228;229,";Uganda;Rwanda;Uganda;Kampala, Uganda;Rwanda;Uganda;Uganda;Rwanda;Uganda;Rwanda;Rwanda;Rwanda;Democratic Republic of Congo;Uganda",6,;216;218;221;222;224;229,;Uganda;Uganda;Uganda;Uganda;Uganda;Uganda,1,;219,";Kampala, Uganda",0,,
86,87,2.0,85.0,3:00:00,3:03:57,1900-01-01 03:00:00,1900-01-01 03:03:57,Rwanda,Rwanda,country,null,6,9,;230;231;232;233;234;235;236;237;238,;Rwanda;Rwanda;Democratic Republic of Congo;Rwanda;Rwanda;Uganda;Democratic Republic of Congo;Rwanda;Rwanda,6,;230;231;233;234;237;238,;Rwanda;Rwanda;Rwanda;Rwanda;Rwanda;Rwanda,0,,,0,,
87,88,2.0,86.0,3:03:57,3:04:16,1900-01-01 03:03:57,1900-01-01 03:04:16,Ethiopia,Ethiopia,country,null,6,0,,,0,,,0,,,0,,
88,89,2.0,87.0,3:04:16,3:07:00,1900-01-01 03:04:16,1900-01-01 03:07:00,Ethiopia,Ethiopia,country,null,6,8,;239;240;241;242;243;244;245;246,";Kenya;Nairobi, Kenya;Nairobi, Kenya;Addis Ababa, Ethiopia;Uganda;Canada;Tanzania;Tanzania",0,,,1,;242,";Addis Ababa, Ethiopia",0,,
89,90,2.0,88.0,3:07:00,3:08:30,1900-01-01 03:07:00,1900-01-01 03:08:30,Tanzania,Tanzania,country,null,6,1,;247,;Tanzania,1,;247,;Tanzania,0,,,0,,
90,91,2.0,89.0,3:08:30,3:10:25,1900-01-01 03:08:30,1900-01-01 03:10:25,Rwanda,Rwanda,country,null,6,4,;248;249;250;251,;Uganda;Democratic Republic of Congo;Burundi;South Africa,0,,,0,,,0,,
91,92,2.0,90.0,3:10:25,3:13:45,1900-01-01 03:10:25,1900-01-01 03:13:45,Uganda,Uganda,country,null,6,8,;252;253;254;255;256;257;258;259,;Dar es Salaam;Rwanda;Europe;North America;Democratic Republic of Congo;Democratic Republic of Congo;Democratic Republic of Congo;United States,0,,,0,,,0,,
92,93,2.0,91.0,3:13:45,3:16:10,1900-01-01 03:13:45,1900-01-01 03:16:10,United States,United States,country,null,6,4,;260;261;262;263,;Rwanda;United States;United States;United States,3,;261;262;263,;United States;United States;United States,0,,,0,,
93,94,2.0,92.0,3:16:10,3:16:32,1900-01-01 03:16:10,1900-01-01 03:16:32,"Addis Ababa, Ethiopia","Addis Ababa, Ethiopia",city / area,null,4,4,;264;265;266;267,";Rwanda;Addis Ababa, Ethiopia;Addis Ababa, Ethiopia;Addis Ababa, Ethiopia",3,;265;266;267,";Addis Ababa, Ethiopia;Addis Ababa, Ethiopia;Addis Ababa, Ethiopia",0,,,0,,
94,95,2.0,93.0,3:16:32,3:19:05,1900-01-01 03:16:32,1900-01-01 03:19:05,"Addis Ababa, Ethiopia","Addis Ababa, Ethiopia",city / area,null,4,5,;268;269;270;271;272,";Rwanda;Rwandan Embassy, Addis Ababa, Ethiopia;Gisenyi, Rwanda;Addis Ababa, Ethiopia;Burundi",1,;271,";Addis Ababa, Ethiopia",1,;269,";Rwandan Embassy, Addis Ababa, Ethiopia",0,,
95,96,2.0,94.0,3:19:05,3:20:20,1900-01-01 03:19:05,1900-01-01 03:20:20,"London, England","London, England",city / area,null,4,4,;273;274;275;276,";London, england;Addis Ababa, Ethiopia;Rwanda;Addis Ababa, Ethiopia",0,,,0,,,0,,
96,97,2.0,95.0,3:20:20,3:23:10,1900-01-01 03:20:20,1900-01-01 03:23:10,"Addis Ababa, Ethiopia","Addis Ababa, Ethiopia",city / area,null,4,2,;277;278,";Rwanda;Rwandan Embassy, Addis Ababa, Ethiopia",0,,,1,;278,";Rwandan Embassy, Addis Ababa, Ethiopia",0,,
97,98,2.0,96.0,3:23:10,3:28:48,1900-01-01 03:23:10,1900-01-01 03:28:48,"Addis Ababa, Ethiopia","Addis Ababa, Ethiopia",city / area,null,4,14,;279;280;281;282;283;284;285;286;287;288;289;290;291;292,";Rwandan Embassy, Addis Ababa, Ethiopia;Rwanda;Democratic Republic of Congo;Democratic Republic of Congo;Democratic Republic of Congo;Rwanda;Lumumbashi, Congo;Rwanda;Democratic Republic of Congo;Rwandan Embassy, Addis Ababa, Ethiopia;China;Paris, France;Tripoli, Libya;Paris, France",0,,,2,;279;288,";Rwandan Embassy, Addis Ababa, Ethiopia;Rwandan Embassy, Addis Ababa, Ethiopia",0,,
98,99,2.0,97.0,3:28:48,3:29:00,1900-01-01 03:28:48,1900-01-01 03:29:00,Rwanda,Rwanda,country,null,6,3,;293;294;295,";Addis Ababa, Ethiopia;Tripoli, Libya;Rwanda",1,;295,;Rwanda,0,,,0,,
99,100,2.0,98.0,3:29:00,3:31:00,1900-01-01 03:29:00,1900-01-01 03:31:00,"Butare, Rwanda","Butare, Rwanda",city / area,null,4,8,;296;297;298;299;300;301;302;303,";Rwanda;Libya;Kigali, Rwanda;Kigali, Rwanda;Kibuye, Rwanda;Butare, Rwanda;Kibuye, Rwanda;Addis Ababa, Ethiopia",1,;301,";Butare, Rwanda",0,,,1,;296,;Rwanda
100,101,2.0,99.0,3:31:00,3:35:00,1900-01-01 03:31:00,1900-01-01 03:35:00,"Tripoli, Libya","Tripoli, Libya",city / area,null,4,3,;304;305;306,";Tripoli, Libya;Tripoli, Libya;University of Benghazi, Libya",2,;304;305,";Tripoli, Libya;Tripoli, Libya",0,,,0,,
101,102,2.0,100.0,3:35:00,3:35:30,1900-01-01 03:35:00,1900-01-01 03:35:30,"Tripoli, Libya","Tripoli, Libya",city / area,null,4,4,;307;308;309;310,";Rwanda;Addis Ababa, Ethiopia;Libya;Libya",0,,,0,,,2,;309;310,;Libya;Libya
102,103,2.0,101.0,*added for 1 clip that breaks the chronology,0:04:03,1900-01-01 03:35:30,1900-01-01 03:41:23,"Tripoli, Libya","Tripoli, Libya",city / area,null,4,13,;311;312;313;314;315;316;317;318;319;320;321;322;323,";Tripoli, Libya;Libya;North Africa;Libya;Tripoli, Libya;Ethiopia;Ethiopia;Libya;Libya;Libya;Democratic Republic of Congo;Ethiopia;Rwanda",2,;311;315,";Tripoli, Libya;Tripoli, Libya",0,,,5,;312;314;318;319;320,;Libya;Libya;Libya;Libya;Libya
103,104,2.0,102.0,0:04:03,0:04:15,1900-01-01 03:41:23,1900-01-01 03:41:35,_end,none,null,null,8,0,,,0,,,0,,,0,,
104,105,2.0,103.0,0:04:15,0:06:05,1900-01-01 03:41:35,1900-01-01 03:43:25,Democratic Republic of Congo,Democratic Republic of Congo,country,null,6,8,;324;325;326;327;328;329;330;331,";Democratic Republic of Congo;Burundi;Democratic Republic of Congo;Burundi;Democratic Republic of Congo;Europe;Democratic Republic of Congo;Addis Ababa, Ethiopia",4,;324;326;328;330,;Democratic Republic of Congo;Democratic Republic of Congo;Democratic Republic of Congo;Democratic Republic of Congo,0,,,0,,
105,106,2.0,104.0,0:06:05,0:07:50,1900-01-01 03:43:25,1900-01-01 03:45:10,"Addis Ababa, Ethiopia","Addis Ababa, Ethiopia",city / area,null,4,4,;332;333;334;335,;Democratic Republic of Congo;Democratic Republic of Congo;Democratic Republic of Congo;Rwanda,0,,,0,,,0,,
106,107,2.0,105.0,0:07:50,0:09:07,1900-01-01 03:45:10,1900-01-01 03:46:27,Uganda,Uganda,country,null,6,2,;336;337,;Uganda;Uganda,2,;336;337,;Uganda;Uganda,0,,,0,,
107,108,2.0,106.0,0:09:07,0:12:40,1900-01-01 03:46:27,1900-01-01 03:50:00,Democratic Republic of Congo,"North Kivu, Democratic Republic of Congo",local,null,3,8,;338;339;340;341;342;343;344;345,";Rwanda;Democratic Republic of Congo;Burundi;Uganda;Tanzania;Democratic Republic of Congo;Goma, Democratic Republic of Congo;Kinshasa, Democratic Republic of Congo",2,;339;343,;Democratic Republic of Congo;Democratic Republic of Congo,2,;344;345,";Goma, Democratic Republic of Congo;Kinshasa, Democratic Republic of Congo",0,,
108,109,2.0,107.0,0:12:40,0:14:00,1900-01-01 03:50:00,1900-01-01 03:51:20,Burundi,Burundi,local,null,3,1,;346,;Burundi,1,;346,;Burundi,0,,,0,,
109,110,2.0,108.0,0:14:00,0:14:22,1900-01-01 03:51:20,1900-01-01 03:51:42,_end,none,null,null,8,0,,,0,,,0,,,0,,
110,111,2.0,109.0,0:14:22,0:16:10,1900-01-01 03:51:42,1900-01-01 03:53:30,_end,none,null,null,8,6,;347;348;349;350;351;352,;Rwanda;Democratic Republic of Congo;Democratic Republic of Congo;Ethiopia;Ethiopia;Ethiopia,0,,,0,,,0,,
111,112,2.0,110.0,0:16:10,0:19:30,1900-01-01 03:53:30,1900-01-01 03:56:50,Democratic Republic of Congo,Democratic Republic of Congo,country,null,6,6,;353;354;355;356;357;358,";Democratic Republic of Congo;Democratic Republic of Congo;Africa;Democratic Republic of Congo;Bukavu, Democratic Republic of Congo;Rwanda",3,;353;354;356,;Democratic Republic of Congo;Democratic Republic of Congo;Democratic Republic of Congo,1,;357,";Bukavu, Democratic Republic of Congo",0,,
112,113,2.0,111.0,0:19:30,0:20:45,1900-01-01 03:56:50,1900-01-01 03:58:05,African Great lakes ,African Great Lakes,country,null,6,3,;359;360;361,;African Great Lakes;Ethiopia;Sudan,0,,,0,,,0,,
113,114,2.0,112.0,0:20:45,0:23:40,1900-01-01 03:58:05,1900-01-01 04:01:00,Rwanda,Rwanda,country,null,6,2,;362;363,;Rwanda;Rwanda,2,;362;363,;Rwanda;Rwanda,0,,,0,,
114,115,2.0,113.0,0:23:40,0:23:55,1900-01-01 04:01:00,1900-01-01 04:01:15,_end,none,null,null,8,0,,,0,,,0,,,0,,
115,116,2.0,114.0,0:23:55,0:28:40,1900-01-01 04:01:15,1900-01-01 04:06:00,Rwanda,Rwanda,country,null,6,2,;364;365,";Kibuye, Rwanda;Gishyita, Rwanda",0,,,2,;364;365,";Kibuye, Rwanda;Gishyita, Rwanda",0,,
116,117,2.0,115.0,0:28:40,0:31:53,1900-01-01 04:06:00,1900-01-01 04:09:13,"Montreal, Canada","Montreal, Canada",country,null,6,2,;366;367,;China;India,0,,,0,,,0,,
117,118,3.0,116.0,0:31:53,0:33:02,1900-01-01 04:09:13,1900-01-01 04:10:22,"Addis Ababa, Ethiopia","Addis Ababa, Ethiopia",city / area,null,4,6,;368;369;370;371;372;373,;Ethiopia;Ethiopia;Ethiopia;Ethiopia;Libya;Libya,0,,,0,,,4,;368;369;370;371,;Ethiopia;Ethiopia;Ethiopia;Ethiopia
118,119,3.0,117.0,0:33:02,0:35:10,1900-01-01 04:10:22,1900-01-01 04:12:30,"Addis Ababa, Ethiopia","Addis Ababa, Ethiopia",city / area,null,4,7,;374;375;376;377;378;379;380,";Ethiopia;Addis Ababa, Ethiopia;Africa;Libya;Addis Ababa, Ethiopia;Tripoli, Libya;Libya",2,;375;378,";Addis Ababa, Ethiopia;Addis Ababa, Ethiopia",0,,,1,;374,;Ethiopia
119,120,3.0,118.0,0:35:10,0:35:15,1900-01-01 04:12:30,1900-01-01 04:12:35,Libya,Libya,country,null,6,1,;381,;Libya,1,;381,;Libya,0,,,0,,
120,121,3.0,119.0,0:35:15,0:37:50,1900-01-01 04:12:35,1900-01-01 04:15:10,Libya,Libya,country,null,6,6,;382;383;384;385;386;387,";Ethiopia;Libya;Malta;Tunis, Tunisia;Tripoli, Libya;Malta",1,;383,;Libya,1,;386,";Tripoli, Libya",0,,
121,122,3.0,120.0,0:37:50,0:38:05,1900-01-01 04:15:10,1900-01-01 04:15:25,Libya,Libya,country,null,6,0,,,0,,,0,,,0,,
122,123,3.0,121.0,0:38:05,0:41:20,1900-01-01 04:15:25,1900-01-01 04:18:40,Libya,Libya,country,null,6,10,;388;389;390;391;392;393;394;395;396;397,";Rwanda;Rwanda;Rwanda;Libya;Burundi;Rwanda;Tripoli, Libya;Benghazi, Libya;Libya;Libya",3,;391;396;397,;Libya;Libya;Libya,2,;394;395,";Tripoli, Libya;Benghazi, Libya",0,,
123,124,3.0,122.0,0:41:20,0:41:25,1900-01-01 04:18:40,1900-01-01 04:18:45,Libya,Libya,country,null,6,1,;398,;Libya,1,;398,;Libya,0,,,0,,
124,125,3.0,123.0,0:41:25,0:43:40,1900-01-01 04:18:45,1900-01-01 04:21:00,Libya,Libya,country,null,6,6,;399;400;401;402;403;404,";Addis Ababa, Ethiopia;Canada;Rwanda;Rwanda;Canada;Canada",0,,,0,,,0,,
125,126,3.0,124.0,0:43:40,0:44:15,1900-01-01 04:21:00,1900-01-01 04:21:35,Canada,Canada,country,null,6,5,;405;406;407;408;409,;Canada;Canada;Rwanda;Democratic Republic of Congo;Rwanda,2,;405;406,;Canada;Canada,0,,,0,,
126,127,3.0,125.0,0:44:15,0:49:50,1900-01-01 04:21:35,1900-01-01 04:27:10,"Kibuye, Rwanda","Kibuye, Rwanda",local,null,3,12,;410;411;412;413;414;415;416;417;418;419;420;421,";Kigali, Rwanda;Kibuye, Rwanda;Muhuga, Rwanda;Rwanda;Tunisia ;Democratic Republic of Congo;Democratic Republic of Congo;Kigali, Rwanda;Canada;Rwanda;Kigali, Rwanda;Rwanda",1,;411,";Kibuye, Rwanda",0,,,3,;413;419;421,;Rwanda;Rwanda;Rwanda
127,128,3.0,126.0,0:49:50,0:51:40,1900-01-01 04:27:10,1900-01-01 04:29:00,"Gisenyi, Rwanda","Gisenyi, Rwanda",city / area,null,4,6,;422;423;424;425;426;427,";Gisenyi, Rwanda;Gisenyi, Rwanda;Gisenyi, Rwanda;Gisenyi, Rwanda;Canada;Canada",4,;422;423;424;425,";Gisenyi, Rwanda;Gisenyi, Rwanda;Gisenyi, Rwanda;Gisenyi, Rwanda",0,,,0,,
128,129,3.0,127.0,0:51:40,0:55:10,1900-01-01 04:29:00,1900-01-01 04:32:30,"Montreal, Canada","Montreal, Canada",city / area,null,4,5,;427;428;429;430;431,";Canada;Canada;Canada;Institut pastorale des Dominicains, Montreal, Canada;Canada",0,,,1,;430,";Institut pastorale des Dominicains, Montreal, Canada",4,;427;428;429;431,;Canada;Canada;Canada;Canada
129,130,3.0,128.0,0:55:10,1:04:05,1900-01-01 04:32:30,1900-01-01 04:41:25,"Ottawa, Canada","Ottawa, Canada",city / area,null,4,12,;432;433;434;435;436;437;438;439;440;441;442;443,";Ottawa, Canada;l'ACDI, Ottawa, Canada;Montreal, Canada;Outaouais, Canada;Montreal, Canada;Outaouais, Canada;St Paul University, Ottawa, Canada;St Paul University, Ottawa, Canada;St Paul University, Ottawa, Canada;Rwanda;Canada;St Paul University, Ottawa, Canada",1,;432,";Ottawa, Canada",5,;433;438;439;440;443,";l'ACDI, Ottawa, Canada;St Paul University, Ottawa, Canada;St Paul University, Ottawa, Canada;St Paul University, Ottawa, Canada;St Paul University, Ottawa, Canada",1,;442,;Canada
130,131,3.0,129.0,1:04:05,1:04:15,1900-01-01 04:41:25,1900-01-01 04:41:35,"Ottawa, Canada","Ottawa, Canada",city / area,null,4,1,;444,";Ottawa, Canada",1,;444,";Ottawa, Canada",0,,,0,,
131,132,3.0,130.0,1:04:15,1:04:58,1900-01-01 04:41:35,1900-01-01 04:42:18,"Montreal, Canada","Montreal, Canada",city / area,null,4,4,;445;446;447;448,";Montreal, Canada;Montreal, Canada;Montreal, Canada;Outaouais, Canada",3,;445;446;447,";Montreal, Canada;Montreal, Canada;Montreal, Canada",0,,,0,,
132,133,3.0,131.0,1:04:58,null,1900-01-01 04:42:18,1900-01-01 04:54:15,"Ottawa, Canada","Ottawa, Canada",city / area,null,4,7,;449;450;451;452;453;454;455,";Rwanda;Europe;Rwanda;Ottawa, Canada;Canada;Canada;Rwanda",1,;452,";Ottawa, Canada",0,,,2,;453;454,;Canada;Canada
133,134,3.0,132.0,null,null,1900-01-01 04:54:15,1900-01-01 04:54:31,Rwanda,Rwanda,country,null,6,3,;456;457;458,;Canada;Rwanda;Rwanda,2,;457;458,;Rwanda;Rwanda,0,,,0,,
134,135,3.0,133.0,null,null,1900-01-01 04:54:31,1900-01-01 04:55:50,Rwanda,Rwanda,country,null,6,2,;459;460,;Rwanda;Rwanda,2,;459;460,;Rwanda;Rwanda,0,,,0,,
135,136,3.0,134.0,null,null,1900-01-01 04:55:50,1900-01-01 04:58:00,"Kigali, Rwanda","Kigali, Rwanda",city / area,null,4,9,;461;462;463;464;465;466;467;468;469,";Kigali, Rwanda;Kigali, Rwanda;Uganda;Democratic Republic of Congo;Uganda;Uganda;Kigali, Rwanda;Kampala, Uganda;Rwanda",3,;461;462;467,";Kigali, Rwanda;Kigali, Rwanda;Kigali, Rwanda",0,,,1,;469,;Rwanda
136,137,3.0,135.0,null,null,1900-01-01 04:58:00,1900-01-01 04:59:05,"Ottawa, Canada","Ottawa, Canada",city / area,null,4,1,;470,;Canada,0,,,0,,,1,;470,;Canada
137,138,3.0,136.0,null,null,1900-01-01 04:59:05,1900-01-01 05:01:53,Rwanda,Rwanda,country,null,6,2,;471;472,;Rwanda;Rwanda,2,;471;472,;Rwanda;Rwanda,0,,,0,,
138,139,3.0,137.0,null,null,1900-01-01 05:01:53,1900-01-01 05:02:03,Rwanda,Rwanda,country,null,6,0,,,0,,,0,,,0,,
139,140,3.0,138.0,null,null,1900-01-01 05:02:03,1900-01-01 05:04:30,"Kigali, Rwanda","Kigali, Rwanda",city / area,null,4,7,;473;474;475;476;477;478;479,";Switzerland;Switzerland;Kigali, Rwanda;Kigali, Rwanda;Tripoli, Libya;Canada;Kigali, Rwanda",3,;475;476;479,";Kigali, Rwanda;Kigali, Rwanda;Kigali, Rwanda",0,,,0,,
140,141,3.0,139.0,null,null,1900-01-01 05:04:30,1900-01-01 05:06:27,"Ottawa, Canada","Ottawa, Canada",city / area,null,4,7,;480;481;482;483;484;485;486,;Canada;Rwanda;Rwanda;Canada;Canada;Rwanda;Rwanda,0,,,0,,,3,;480;483;484,;Canada;Canada;Canada
141,142,3.0,140.0,null,null,1900-01-01 05:06:27,1900-01-01 05:06:38,_end,none,null,null,8,0,,,0,,,0,,,0,,
142,143,3.0,141.0,null,null,1900-01-01 05:06:38,1900-01-01 05:10:16,"Ottawa, Canada","Ottawa, Canada",city / area,null,4,2,;487;488,;Rwanda;Rwanda,0,,,0,,,0,,
