agg_su_id,id,su_num,place,scale_order,time_start,time_end,time_length,num_minutes,mention_freq,mention_index,mention_places,mention_match_freq,mention_match_index,mention_match_places,mention_match_time_index,mention_first_match_time,mention_first_match_time_ratio,mention_coarser_match_freq,mention_coarser_match_index,mention_coarser_match_places,mention_finer_match_freq,mention_finer_match_index,mention_finer_match_places
1.0,1,1.0,_end,8,1900-01-01 00:00:00,1900-01-01 00:00:30,"['00', '00', '30']",0.5,0,,,0,,,,0,0.0,0,,,0,,
2.0,2,2.0,Rwanda,6,1900-01-01 00:00:30,1900-01-01 00:01:44,"['00', '01', '14']",1.2333333333333334,0,,,0,,,,0,0.0,0,,,0,,
3.0,3,3.0,_end,8,1900-01-01 00:01:44,1900-01-01 00:01:55,"['00', '00', '11']",0.18333333333333332,0,,,0,,,,0,0.0,0,,,0,,
4.0,4,4.0,Rwanda,6,1900-01-01 00:01:55,1900-01-01 00:04:26,"['00', '02', '31']",2.5166666666666666,0,,,0,,,,0,0.0,0,,,0,,
5.0,5,5.0,_end,8,1900-01-01 00:04:26,1900-01-01 00:04:30,"['00', '00', '04']",0.06666666666666667,0,,,0,,,,0,0.0,0,,,0,,
6.0,6,6.0,Rwanda,6,1900-01-01 00:04:30,1900-01-01 00:04:50,"['00', '00', '20']",0.3333333333333333,0,,,0,,,,0,0.0,0,,,0,,
7.0,7,7.0,_end,8,1900-01-01 00:04:50,1900-01-01 00:05:00,"['00', '00', '10']",0.16666666666666666,0,,,0,,,,0,0.0,0,,,0,,
8.0,8,8.0,Rwanda,6,1900-01-01 00:05:00,1900-01-01 00:06:27,"['00', '01', '27']",1.45,0,,,0,,,,0,0.0,0,,,0,,
9.0,9,9.0,_end,8,1900-01-01 00:06:27,1900-01-01 00:06:35,"['00', '00', '08']",0.13333333333333333,0,,,0,,,,0,0.0,0,,,0,,
10.0,10;11,10.0;11.0,Rwanda,6,1900-01-01 00:06:35,1900-01-01 00:08:45,"['00', '02', '10']",2.1666666666666665,1,;1,";Bujumbura, Burundi",0,,,,0,0.0,0,,,0,,
12.0,12,12.0,_end,8,1900-01-01 00:08:45,1900-01-01 00:09:08,"['00', '00', '23']",0.38333333333333336,0,,,0,,,,0,0.0,0,,,0,,
13.0,13,13.0,Rwanda,6,1900-01-01 00:09:08,1900-01-01 00:11:10,"['00', '02', '02']",2.033333333333333,0,,,0,,,,0,0.0,0,,,0,,
14.0,14,14.0,_end,8,1900-01-01 00:11:10,1900-01-01 00:11:14,"['00', '00', '04']",0.06666666666666667,0,,,0,,,,0,0.0,0,,,0,,
15.0,15,15.0,Rwanda,6,1900-01-01 00:11:14,1900-01-01 00:11:48,"['00', '00', '34']",0.5666666666666667,0,,,0,,,,0,0.0,0,,,0,,
16.0,16,16.0,_end,8,1900-01-01 00:11:48,1900-01-01 00:11:56,"['00', '00', '08']",0.13333333333333333,0,,,0,,,,0,0.0,0,,,0,,
17.0,17,17.0,"Kaduha, Rwanda",3,1900-01-01 00:11:56,1900-01-01 00:12:25,"['00', '00', '29']",0.48333333333333334,0,,,0,,,,0,0.0,0,,,0,,
18.0,18,18.0,Rwanda,6,1900-01-01 00:12:25,1900-01-01 00:13:40,"['00', '01', '15']",1.25,1,;2,;Rwanda,1,;2,;Rwanda,;0 days 00:00:28,0 days 00:00:28,0.37333333333333335,0,,,0,,
19.0,19,19.0,"Nyanza, Rwanda",3,1900-01-01 00:13:40,1900-01-01 00:14:10,"['00', '00', '30']",0.5,2,;3;4,";Nyanza, Rwanda;Nyanza, Rwanda",2,;3;4,";Nyanza, Rwanda;Nyanza, Rwanda",;0 days 00:00:02;0 days 00:00:09,0 days 00:00:02,0.06666666666666667,0,,,0,,
20.0,20,20.0,_end,8,1900-01-01 00:14:10,1900-01-01 00:14:14,"['00', '00', '04']",0.06666666666666667,0,,,0,,,,0,0.0,0,,,0,,
21.0,21,21.0,Rwanda,6,1900-01-01 00:14:14,1900-01-01 00:14:24,"['00', '00', '10']",0.16666666666666666,0,,,0,,,,0,0.0,0,,,0,,
22.0,22,22.0,_end,8,1900-01-01 00:14:24,1900-01-01 00:14:40,"['00', '00', '16']",0.26666666666666666,0,,,0,,,,0,0.0,0,,,0,,
23.0,23;24,23.0;24.0,Rwanda,6,1900-01-01 00:14:40,1900-01-01 00:15:45,"['00', '01', '05']",1.0833333333333333,0,,,0,,,,0,0.0,0,,,0,,
25.0,25,25.0,_end,8,1900-01-01 00:15:45,1900-01-01 00:16:20,"['00', '00', '35']",0.5833333333333334,0,,,0,,,,0,0.0,0,,,0,,
26.0,26,26.0,Rwanda,6,1900-01-01 00:16:20,1900-01-01 00:16:30,"['00', '00', '10']",0.16666666666666666,0,,,0,,,,0,0.0,0,,,0,,
27.0,27,27.0,"Nyanza, Rwanda",3,1900-01-01 00:16:30,1900-01-01 00:17:45,"['00', '01', '15']",1.25,2,;5;6,";Kaduha, Rwanda;Nyanza, Rwanda",1,;6,";Nyanza, Rwanda",;0 days 00:00:10,0 days 00:00:10,0.13333333333333333,0,,,0,,
28.0,28,28.0,_end,8,1900-01-01 00:17:45,1900-01-01 00:18:01,"['00', '00', '16']",0.26666666666666666,0,,,0,,,,0,0.0,0,,,0,,
29.0,29,29.0,"Nyanza, Rwanda",3,1900-01-01 00:18:01,1900-01-01 00:19:20,"['00', '01', '19']",1.3166666666666667,1,;7,;Rwanda,0,,,,0,0.0,1,;7,;Rwanda,0,,
30.0,30,30.0,Rwanda,6,1900-01-01 00:19:20,1900-01-01 00:20:16,"['00', '00', '56']",0.9333333333333333,0,,,0,,,,0,0.0,0,,,0,,
31.0,31;32,31.0;32.0,_end,8,1900-01-01 00:20:16,1900-01-01 00:20:40,"['00', '00', '24']",0.4,0,,,0,,,,0,0.0,0,,,0,,
33.0,33,33.0,"Kigali, Rwanda",4,1900-01-01 00:20:40,1900-01-01 00:21:40,"['00', '01', '00']",1.0,2,;8;9,";Kigali, Rwanda;Nyamata, Rwanda",1,;8,";Kigali, Rwanda",;0 days 00:00:07,0 days 00:00:07,0.11666666666666667,0,,,0,,
34.0,34,34.0,_end,8,1900-01-01 00:21:40,1900-01-01 00:21:47,"['00', '00', '07']",0.11666666666666667,0,,,0,,,,0,0.0,0,,,0,,
35.0,35,35.0,"Kigali, Rwanda",4,1900-01-01 00:21:47,1900-01-01 00:23:08,"['00', '01', '21']",1.35,2,;10;11,";Rwanda;Kigali, Rwanda",1,;11,";Kigali, Rwanda",;0 days 00:00:55,0 days 00:00:55,0.6790123456790124,1,;10,;Rwanda,0,,
36.0,36,36.0,unknown,8,1900-01-01 00:23:08,1900-01-01 00:23:10,"['00', '00', '02']",0.03333333333333333,0,,,0,,,,0,0.0,0,,,0,,
37.0,37,37.0,"Kigali, Rwanda; Gitarama, Rwanda; Kibuye, Rwanda; Gisenyi, Rwanda; Goma, Democratic Republic of Congo; Bujumbura, Burundi",1,1900-01-01 00:23:10,1900-01-01 00:25:26,"['00', '02', '16']",2.2666666666666666,21,;12;13;14;15;16;17;18;19;20;21;22;23;24;25;26;27;28;29;30;31;32,";Goma, Democratic Republic of Congo;Goma, Democratic Republic of Congo;Bujumbura, Burundi;Butare, Rwanda;Burundi;Butare, Rwanda;Kigali, Rwanda;Gitarama, Rwanda;Gitarama, Rwanda;Kibuye, Rwanda;Kibuye, Rwanda;Gisenyi, Rwanda;Gisenyi, Rwanda;Goma, Democratic Republic of Congo;Goma, Democratic Republic of Congo;Goma, Democratic Republic of Congo;Rwanda;Rwanda;Burundi;Burundi;Goma, Democratic Republic of Congo",0,,,,0,0.0,19,;12;13;14;16;18;19;20;21;22;23;24;25;26;27;28;29;30;31;32,";Goma, Democratic Republic of Congo;Goma, Democratic Republic of Congo;Bujumbura, Burundi;Burundi;Kigali, Rwanda;Gitarama, Rwanda;Gitarama, Rwanda;Kibuye, Rwanda;Kibuye, Rwanda;Gisenyi, Rwanda;Gisenyi, Rwanda;Goma, Democratic Republic of Congo;Goma, Democratic Republic of Congo;Goma, Democratic Republic of Congo;Rwanda;Rwanda;Burundi;Burundi;Goma, Democratic Republic of Congo",0,,
38.0,38,38.0,Burundi,6,1900-01-01 00:25:26,1900-01-01 00:25:34,"['00', '00', '08']",0.13333333333333333,0,,,0,,,,0,0.0,0,,,0,,
39.0,39,39.0,"Bujumbura, Burundi",4,1900-01-01 00:25:34,1900-01-01 00:27:32,"['00', '01', '58']",1.9666666666666666,2,;33;34,";Bujumbura, Burundi;Bujumbura, Burundi",2,;33;34,";Bujumbura, Burundi;Bujumbura, Burundi",;0 days 00:00:02;0 days 00:01:28,0 days 00:00:02,0.01694915254237288,0,,,0,,
40.0,40,40.0,_end,8,1900-01-01 00:27:32,1900-01-01 00:27:40,"['00', '00', '08']",0.13333333333333333,0,,,0,,,,0,0.0,0,,,0,,
41.0,41,41.0,Burundi,6,1900-01-01 00:27:40,1900-01-01 00:28:55,"['00', '01', '15']",1.25,1,;35,;Burundi,1,;35,;Burundi,;0 days 00:00:09,0 days 00:00:09,0.12,0,,,0,,
42.0,42,42.0,"Metalusa, Bujumbura, Burundi",2,1900-01-01 00:28:55,1900-01-01 00:30:09,"['00', '01', '14']",1.2333333333333334,2,;36;37,";Metalusa, Bujumbura, Burundi;Burundi",1,;36,";Metalusa, Bujumbura, Burundi",;0 days 00:00:05,0 days 00:00:05,0.06756756756756757,1,;37,;Burundi,0,,
43.0,43;44,43.0;44.0,Burundi,6,1900-01-01 00:30:09,1900-01-01 00:31:24,"['00', '01', '15']",1.25,4,;38;39;40;41,;Burundi;Burundi;Burundi;Rwanda,3,;38;39;40,;Burundi;Burundi;Burundi,;0 days 00:00:05;0 days 00:00:54;0 days 00:01:01,0 days 00:00:05,0.06666666666666667,0,,,0,,
45.0,45,45.0,Burundi; Democratic Republic of Congo,1,1900-01-01 00:31:24,1900-01-01 00:32:20,"['00', '00', '56']",0.9333333333333333,6,;42;43;44;45;46;47,";Bukavu, Democratic Republic of Congo;Bujumbura, Burundi;Democratic Republic of Congo;Democratic Republic of Congo;Bukavu, Democratic Republic of Congo;Burundi",0,,,,0,0.0,3,;44;45;47,;Democratic Republic of Congo;Democratic Republic of Congo;Burundi,0,,
46.0,46,46.0,_end,8,1900-01-01 00:32:20,1900-01-01 00:32:23,"['00', '00', '03']",0.05,0,,,0,,,,0,0.0,0,,,0,,
47.0,47,47.0,Democratic Republic of Congo,6,1900-01-01 00:32:23,1900-01-01 00:33:00,"['00', '00', '37']",0.6166666666666667,2,;48;49,";Democratic Republic of Congo;Bukavu, Democratic Republic of Congo",1,;48,;Democratic Republic of Congo,;0 days 00:00:07,0 days 00:00:07,0.1891891891891892,0,,,1,;49,";Bukavu, Democratic Republic of Congo"
48.0,48,48.0,"Bukavu, Democratic Republic of Congo; Goma, Democratic Republic of Congo; Gisenyi, Rwanda; Kigali, Rwanda; Nyamata, Rwanda",1,1900-01-01 00:33:00,1900-01-01 00:33:30,"['00', '00', '30']",0.5,6,;50;51;52;53;54;55,";Cyangugu, Rwanda;Goma, Democratic Republic of Congo;Gisenyi, Rwanda;Kigali, Rwanda;Kigali, Rwanda;Nyamata, Rwanda",0,,,,0,0.0,5,;51;52;53;54;55,";Goma, Democratic Republic of Congo;Gisenyi, Rwanda;Kigali, Rwanda;Kigali, Rwanda;Nyamata, Rwanda",0,,
49.0,49,49.0,"Nyamata, Rwanda",3,1900-01-01 00:33:30,1900-01-01 00:34:45,"['00', '01', '15']",1.25,4,;56;57;58;59,";Nyamata, Rwanda;Nyamata, Rwanda;Rwanda;Burundi",2,;56;57,";Nyamata, Rwanda;Nyamata, Rwanda",;0 days 00:00:19;0 days 00:00:29,0 days 00:00:19,0.25333333333333335,1,;58,;Rwanda,0,,
50.0,50,50.0,Democratic Republic of Congo,6,1900-01-01 00:34:45,1900-01-01 00:35:00,"['00', '00', '15']",0.25,3,;60;61;62,;Burundi;Democratic Republic of Congo;Democratic Republic of Congo,2,;61;62,;Democratic Republic of Congo;Democratic Republic of Congo,;0 days 00:00:12;0 days 00:00:13,0 days 00:00:12,0.8,0,,,0,,
51.0,51;52,51.0;52.0,"Bukavu, Democratic Republic of Congo",4,1900-01-01 00:35:00,1900-01-01 00:36:43,"['00', '01', '43']",1.7166666666666666,0,,,0,,,,0,0.0,0,,,0,,
53.0,53;54,53.0;54.0,Democratic Republic of Congo,6,1900-01-01 00:36:43,1900-01-01 00:39:46,"['00', '03', '03']",3.05,2,;63;64,;Burundi;Democratic Republic of Congo,1,;64,;Democratic Republic of Congo,;0 days 00:00:17,0 days 00:00:17,0.09289617486338798,0,,,0,,
55.0,55,55.0,_end,8,1900-01-01 00:39:46,1900-01-01 00:40:35,"['00', '00', '49']",0.8166666666666667,0,,,0,,,,0,0.0,0,,,0,,
56.0,56,56.0,Democratic Republic of Congo,6,1900-01-01 00:40:35,1900-01-01 00:41:13,"['00', '00', '38']",0.6333333333333333,0,,,0,,,,0,0.0,0,,,0,,
57.0,57;58;59;60;61;62;63;64;65;66,57.0;58.0;59.0;60.0;61.0;62.0;63.0;64.0;65.0;66.0,_end,8,1900-01-01 00:41:13,1900-01-01 00:45:43,"['00', '04', '30']",4.5,3,;65;66;67,";Democratic Republic of Congo;Democratic Republic of Congo;Bukavu, Democratic Republic of Congo",0,,,,0,0.0,0,,,0,,
67.0,67;68;69,67.0;68.0;69.0,"Bukavu, Democratic Republic of Congo",4,1900-01-01 00:45:43,1900-01-01 00:46:10,"['00', '00', '27']",0.45,2,;68;69,";Bukavu, Democratic Republic of Congo;Bukavu, Democratic Republic of Congo",2,;68;69,";Bukavu, Democratic Republic of Congo;Bukavu, Democratic Republic of Congo",;0 days 00:00:06;0 days 00:00:15,0 days 00:00:06,0.2222222222222222,0,,,0,,
70.0,70,70.0,Democratic Republic of Congo,6,1900-01-01 00:46:10,1900-01-01 00:48:33,"['00', '02', '23']",2.3833333333333333,6,;70;71;72;73;74;75,";Democratic Republic of Congo;Rwanda;Democratic Republic of Congo;African Great Lakes;Bukavu, Democratic Republic of Congo;Burundi",2,;70;72,;Democratic Republic of Congo;Democratic Republic of Congo,;0 days 00:00:09;0 days 00:01:40,0 days 00:00:09,0.06293706293706294,0,,,1,;74,";Bukavu, Democratic Republic of Congo"
71.0,71,71.0,"Bujumbura, Burundi",4,1900-01-01 00:48:33,1900-01-01 00:50:15,"['00', '01', '42']",1.7,7,;76;77;78;79;80;81;82,";Bujumbura, Burundi;Bujumbura, Burundi;Bukavu, Democratic Republic of Congo;Bukavu, Democratic Republic of Congo;Bukavu, Democratic Republic of Congo;Bujumbura, Burundi;Rwanda",3,;76;77;81,";Bujumbura, Burundi;Bujumbura, Burundi;Bujumbura, Burundi",;0 days 00:00:01;0 days 00:00:11;0 days 00:01:36,0 days 00:00:01,0.00980392156862745,0,,,0,,
72.0,72,72.0,"Bukavu, Democratic Republic of Congo; Bujumbura, Burundi",1,1900-01-01 00:50:15,1900-01-01 00:50:54,"['00', '00', '39']",0.65,2,;83;84,";Bugarama, Rwanda;Rwanda",0,,,,0,0.0,0,,,0,,
73.0,73;74,73.0;74.0,"Bujumbura, Burundi",4,1900-01-01 00:50:54,1900-01-01 00:51:06,"['00', '00', '12']",0.2,1,;85,";Bujumbura, Burundi",1,;85,";Bujumbura, Burundi",;0 days 00:00:00,0 days 00:00:00,0.0,0,,,0,,
75.0,75,75.0,"Bugesera, Rwanda",4,1900-01-01 00:51:06,1900-01-01 00:51:47,"['00', '00', '41']",0.6833333333333333,4,;86;87;88;89,";Rwanda;Nyamata, Rwanda;Bugesera, Rwanda;Bujumbura, Burundi",1,;88,";Bugesera, Rwanda",;0 days 00:00:25,0 days 00:00:25,0.6097560975609756,1,;86,;Rwanda,0,,
76.0,76,76.0,_end,8,1900-01-01 00:51:47,1900-01-01 00:51:50,"['00', '00', '03']",0.05,0,,,0,,,,0,0.0,0,,,0,,
77.0,77,77.0,"Bukavu, Democratic Republic of Congo",4,1900-01-01 00:51:50,1900-01-01 00:52:05,"['00', '00', '15']",0.25,2,;90;91,";Bukavu, Democratic Republic of Congo;Nyamata, Rwanda",1,;90,";Bukavu, Democratic Republic of Congo",;0 days 00:00:04,0 days 00:00:04,0.26666666666666666,0,,,0,,
78.0,78,78.0,"Bujumbura, Burundi",4,1900-01-01 00:52:05,1900-01-01 00:52:08,"['00', '00', '03']",0.05,0,,,0,,,,0,0.0,0,,,0,,
79.0,79;80;81,79.0;80.0;81.0,Rwanda,6,1900-01-01 00:52:08,1900-01-01 00:56:39,"['00', '04', '31']",4.516666666666667,8,;92;93;94;95;96;97;98;99,";Uganda;Burundi;Uganda;Cyangugu, Rwanda;Rwanda;Rwanda;Democratic Republic of Congo;Burundi",2,;96;97,;Rwanda;Rwanda,;0 days 00:01:13;0 days 00:02:08,0 days 00:01:13,0.2693726937269373,0,,,1,;95,";Cyangugu, Rwanda"
82.0,82;83;84;85,82.0;83.0;84.0;85.0,"Bujumbura, Burundi",4,1900-01-01 00:56:39,1900-01-01 01:04:37,"['00', '07', '58']",7.966666666666667,14,;100;101;102;103;104;105;106;107;108;109;110;111;112;113,";Bujumbura, Burundi;Bujumbura, Burundi;Democratic Republic of Congo;Democratic Republic of Congo;Uvira, Democratic Republic of Congo;Democratic Republic of Congo;Democratic Republic of Congo;Bukavu, Democratic Republic of Congo;Burundi;Bukavu, Democratic Republic of Congo;Rwanda;France;Rwanda;Bukavu, Democratic Republic of Congo",2,;100;101,";Bujumbura, Burundi;Bujumbura, Burundi",;0 days 00:00:03;0 days 00:01:51,0 days 00:00:03,0.006276150627615063,1,;108,;Burundi,0,,
86.0,86,86.0,"Bukavu, Democratic Republic of Congo",4,1900-01-01 01:04:37,1900-01-01 01:06:18,"['00', '01', '41']",1.6833333333333333,6,;114;115;116;117;118;119,";Cyangugu, Rwanda;Bukavu, Democratic Republic of Congo;Cyangugu, Rwanda;Democratic Republic of Congo;Bukavu, Democratic Republic of Congo;Cyangugu, Rwanda",2,;115;118,";Bukavu, Democratic Republic of Congo;Bukavu, Democratic Republic of Congo",;0 days 00:00:09;0 days 00:00:31,0 days 00:00:09,0.0891089108910891,1,;117,;Democratic Republic of Congo,0,,
87.0,87,87.0,Africa,7,1900-01-01 01:06:18,1900-01-01 01:07:40,"['00', '01', '22']",1.3666666666666667,9,;120;121;122;123;124;125;126;127;128,";Bukavu, Democratic Republic of Congo;Bujumbura, Burundi;Rwanda;Rwanda;Rwanda;Bukavu, Democratic Republic of Congo;Bujumbura, Burundi;Bujumbura, Burundi;Rwanda",0,,,,0,0.0,0,,,0,,
88.0,88,88.0,"Quebec, Canada",5,1900-01-01 01:07:40,1900-01-01 01:09:34,"['00', '01', '54']",1.9,9,;129;130;131;132;133;134;135;136;137,";USA;Canada;Europe;Europe;France;Quebec, Canada;Canada;USA;Canada",1,;134,";Quebec, Canada",;0 days 00:01:10,0 days 00:01:10,0.6140350877192983,3,;130;135;137,;Canada;Canada;Canada,0,,
89.0,89;90,89.0;90.0,"Bujumbura, Burundi",4,1900-01-01 01:09:34,1900-01-01 01:11:15,"['00', '01', '41']",1.6833333333333333,3,;138;139;140,";Bujumbura, Burundi;Rwanda;Bujumbura, Burundi",2,;138;140,";Bujumbura, Burundi;Bujumbura, Burundi",;0 days 00:00:01;0 days 00:00:26,0 days 00:00:01,0.009900990099009901,0,,,0,,
91.0,91,91.0,_end,8,1900-01-01 01:11:15,1900-01-01 01:11:26,"['00', '00', '11']",0.18333333333333332,0,,,0,,,,0,0.0,0,,,0,,
92.0,92,92.0,"Bujumbura, Burundi; Bugarama, Rwanda; Bukavu, Democratic Republic of Congo",1,1900-01-01 01:11:26,1900-01-01 01:12:15,"['00', '00', '49']",0.8166666666666667,5,;141;142;143;144;145,";Bukavu, Democratic Republic of Congo;Bujumbura, Burundi;Bukavu, Democratic Republic of Congo;Rwanda;Bugarama, Rwanda",0,,,,0,0.0,5,;141;142;143;144;145,";Bukavu, Democratic Republic of Congo;Bujumbura, Burundi;Bukavu, Democratic Republic of Congo;Rwanda;Bugarama, Rwanda",0,,
93.0,93,nan,"Bukavu, Democratic Republic of Congo",4,1900-01-01 01:12:15,1900-01-01 01:12:50,"['00', '00', '35']",0.5833333333333334,2,;146;147,";Bukavu, Democratic Republic of Congo;Bugarama, Rwanda",1,;146,";Bukavu, Democratic Republic of Congo",;0 days 00:00:12,0 days 00:00:12,0.34285714285714286,0,,,0,,
94.0,94,93.0,"Bugarama, Rwanda; Bukavu, Democratic Republic of Congo",1,1900-01-01 01:12:50,1900-01-01 01:14:06,"['00', '01', '16']",1.2666666666666666,1,;148,";Bukavu, Democratic Republic of Congo",0,,,,0,0.0,1,;148,";Bukavu, Democratic Republic of Congo",0,,
95.0,95;96;97;98;99,94.0;95.0;96.0;97.0;98.0,"Bukavu, Democratic Republic of Congo",4,1900-01-01 01:14:06,1900-01-01 01:21:27,"['00', '07', '21']",7.35,15,;149;150;151;152;153;154;155;156;157;158;159;160;161;162;163,";Bukavu, Democratic Republic of Congo;Bujumbura, Burundi;Yugoslavia;Burundi;Bukavu, Democratic Republic of Congo;Rwanda;Bukavu, Democratic Republic of Congo;Burundi;Bujumbura, Burundi;Burundi;Rwanda;Rwanda;Cyangugu, Rwanda;Bujumbura, Burundi;Europe",3,;149;153;155,";Bukavu, Democratic Republic of Congo;Bukavu, Democratic Republic of Congo;Bukavu, Democratic Republic of Congo",;0 days 00:00:05;0 days 00:01:42;0 days 00:02:19,0 days 00:00:05,0.011337868480725623,0,,,0,,
100.0,100,99.0,"Bukavu, Democratic Republic of Congo; Bujumbura, Burundi",1,1900-01-01 01:21:27,1900-01-01 01:22:06,"['00', '00', '39']",0.65,2,;164;165,";Bujumbura, Burundi;Bujumbura, Burundi",0,,,,0,0.0,2,;164;165,";Bujumbura, Burundi;Bujumbura, Burundi",0,,
101.0,101,100.0,"Bujumbura, Burundi",4,1900-01-01 01:22:06,1900-01-01 01:23:48,"['00', '01', '42']",1.7,3,;166;167;168,";Rwanda;Nyamata, Rwanda;Kigali, Rwanda",0,,,,0,0.0,0,,,0,,
102.0,102,101.0,Rwanda,6,1900-01-01 01:23:48,1900-01-01 01:25:16,"['00', '01', '28']",1.4666666666666666,1,;169,;Switzerland,0,,,,0,0.0,0,,,0,,
103.0,103,102.0,"Bujumbura, Burundi; Europe; Minnesota, USA",1,1900-01-01 01:25:16,1900-01-01 01:26:17,"['00', '01', '01']",1.0166666666666666,8,;170;171;172;173;174;175;176;177,";Bujumbura, Burundi;USA;San Francisco, USA;Minnesota, USA;Bujumbura, Burundi;Europe;Europe;USA",0,,,,0,0.0,7,;170;171;173;174;175;176;177,";Bujumbura, Burundi;USA;Minnesota, USA;Bujumbura, Burundi;Europe;Europe;USA",0,,
104.0,104,103.0,"Minnesota, USA",4,1900-01-01 01:26:17,1900-01-01 01:26:34,"['00', '00', '17']",0.2833333333333333,2,;178;179,";Michigan, USA;Quebec, Canada",0,,,,0,0.0,0,,,0,,
105.0,105,104.0,"Ontario, Canada",5,1900-01-01 01:26:34,1900-01-01 01:27:05,"['00', '00', '31']",0.5166666666666667,1,;180,";Ontario, Canada",1,;180,";Ontario, Canada",;0 days 00:00:01,0 days 00:00:01,0.03225806451612903,0,,,0,,
106.0,106,105.0,_end,8,1900-01-01 01:27:05,1900-01-01 01:27:15,"['00', '00', '10']",0.16666666666666666,0,,,0,,,,0,0.0,0,,,0,,
107.0,107,106.0,Rwanda,6,1900-01-01 01:27:15,1900-01-01 01:28:56,"['00', '01', '41']",1.6833333333333333,3,;181;182;183,";Rwanda;Bukavu, Democratic Republic of Congo;Bukavu, Democratic Republic of Congo",1,;181,;Rwanda,;0 days 00:00:32,0 days 00:00:32,0.31683168316831684,0,,,0,,
108.0,108,107.0,"Bujumbura, Burundi; Bugusera, Rwanda",1,1900-01-01 01:28:56,1900-01-01 01:32:20,"['00', '03', '24']",3.4,8,;184;185;186;187;188;189;190;191,";Nyamata, Rwanda;Nyamata, Rwanda;Bugesera, Rwanda;Sake, Rwanda;Burundi;Rwanda;Sake, Rwanda;Bugesera, Rwanda",0,,,,0,0.0,2,;188;189,;Burundi;Rwanda,0,,
109.0,109;110;111;112,108.0;109.0;110.0;111.0,"Nyamata, Rwanda",3,1900-01-01 01:32:20,1900-01-01 01:39:40,"['00', '07', '20']",7.333333333333333,1,;192,";Nyamata, Rwanda",1,;192,";Nyamata, Rwanda",;0 days 00:02:08,0 days 00:02:08,0.2909090909090909,0,,,0,,
113.0,113,112.0,"Nyamata, Rwanda; Kabuga, Rwanda",1,1900-01-01 01:39:40,1900-01-01 01:40:10,"['00', '00', '30']",0.5,2,;193;194,";Kigali, Rwanda;Kabuga, Rwanda",0,,,,0,0.0,1,;194,";Kabuga, Rwanda",0,,
114.0,114,113.0,"Kabuga, Rwanda",3,1900-01-01 01:40:10,1900-01-01 01:41:35,"['00', '01', '25']",1.4166666666666667,3,;195;196;197,";Kabuga, Rwanda;Uganda;Uganda",1,;195,";Kabuga, Rwanda",;0 days 00:00:02,0 days 00:00:02,0.023529411764705882,0,,,0,,
115.0,115,114.0,Rwanda,6,1900-01-01 01:41:35,1900-01-01 01:50:20,"['00', '08', '45']",8.75,5,;198;199;200;201;202,";Nyamata, Rwanda;Bujumbura, Burundi;Nyamirambo, Rwanda;Kabuga, Rwanda;Bujumbura, Burundi",0,,,,0,0.0,0,,,3,;198;200;201,";Nyamata, Rwanda;Nyamirambo, Rwanda;Kabuga, Rwanda"
116.0,116,115.0,_end,8,1900-01-01 01:50:20,1900-01-01 01:50:36,"['00', '00', '16']",0.26666666666666666,0,,,0,,,,0,0.0,0,,,0,,
117.0,117,116.0,Rwanda,6,1900-01-01 01:50:36,1900-01-01 01:51:30,"['00', '00', '54']",0.9,0,,,0,,,,0,0.0,0,,,0,,
118.0,118,117.0,_end,8,1900-01-01 01:51:30,1900-01-01 01:52:10,"['00', '00', '40']",0.6666666666666666,0,,,0,,,,0,0.0,0,,,0,,
119.0,119,118.0,"Concordia University, Montreal, Canada",2,1900-01-01 01:52:10,1900-01-01 01:53:25,"['00', '01', '15']",1.25,1,;203,";Concordia University, Montreal, Canada",1,;203,";Concordia University, Montreal, Canada",;0 days 00:00:02,0 days 00:00:02,0.02666666666666667,0,,,0,,
120.0,120,119.0,_end,8,1900-01-01 01:53:25,1900-01-01 01:55:10,"['00', '01', '45']",1.75,0,,,0,,,,0,0.0,0,,,0,,
121.0,121;122,120.0;121.0,Rwanda,6,1900-01-01 01:55:10,1900-01-01 01:56:50,"['00', '01', '40']",1.6666666666666667,1,;204,";Bukavu, Democratic Republic of Congo",0,,,,0,0.0,0,,,0,,
123.0,123,122.0,_end,8,1900-01-01 01:56:50,1900-01-01 01:56:54,"['00', '00', '04']",0.06666666666666667,0,,,0,,,,0,0.0,0,,,0,,
124.0,124,123.0,"Kigali, Rwanda",4,1900-01-01 01:56:54,1900-01-01 01:58:52,"['00', '01', '58']",1.9666666666666666,0,,,0,,,,0,0.0,0,,,0,,
125.0,125,124.0,Rwanda,6,1900-01-01 01:58:52,1900-01-01 01:59:05,"['00', '00', '13']",0.21666666666666667,0,,,0,,,,0,0.0,0,,,0,,
126.0,126,125.0,"Nyamata, Rwanda",3,1900-01-01 01:59:05,1900-01-01 02:01:40,"['00', '02', '35']",2.5833333333333335,6,;205;206;207;208;209;210,";Nyamata, Rwanda;Kigali, Rwanda;Rwanda;Kigali, Rwanda;Kigali International Airport, Rwanda;Kigali, Rwanda",1,;205,";Nyamata, Rwanda",;0 days 00:00:06,0 days 00:00:06,0.03870967741935484,1,;207,;Rwanda,0,,
127.0,127,126.0,_end,8,1900-01-01 02:01:40,1900-01-01 02:01:50,"['00', '00', '10']",0.16666666666666666,0,,,0,,,,0,0.0,0,,,0,,
128.0,128,127.0,Rwanda,6,1900-01-01 02:01:50,1900-01-01 02:05:29,"['00', '03', '39']",3.65,2,;211;212,";Nyamata, Rwanda;Kigali, Rwanda",0,,,,0,0.0,0,,,2,;211;212,";Nyamata, Rwanda;Kigali, Rwanda"
129.0,129,128.0,"Southern Province, Rwanda",5,1900-01-01 02:05:29,1900-01-01 02:07:40,"['00', '02', '11']",2.183333333333333,2,;213;214,";Kaduha, Rwanda;Nyanza, Rwanda",0,,,,0,0.0,0,,,0,,
130.0,130,129.0,_end,8,1900-01-01 02:07:40,1900-01-01 02:07:48,"['00', '00', '08']",0.13333333333333333,0,,,0,,,,0,0.0,0,,,0,,
131.0,131,130.0,"Southern Province, Rwanda",5,1900-01-01 02:07:48,1900-01-01 02:10:49,"['00', '03', '01']",3.0166666666666666,1,;215,";Kigali, Rwanda",0,,,,0,0.0,0,,,0,,
132.0,132,131.0,Rwanda,6,1900-01-01 02:10:49,1900-01-01 02:11:00,"['00', '00', '11']",0.18333333333333332,1,;216,;Rwanda,1,;216,;Rwanda,;0 days 00:00:05,0 days 00:00:05,0.45454545454545453,0,,,0,,
133.0,133,132.0,"Montreal, Canada",4,1900-01-01 02:11:00,1900-01-01 02:13:45,"['00', '02', '45']",2.75,6,;217;218;219;220;221;222,";Bukavu, Democratic Republic of Congo;Montreal, Canada;Bujumbura, Burundi;Bujumbura, Burundi;Montreal, Canada;Montreal, Canada",3,;218;221;222,";Montreal, Canada;Montreal, Canada;Montreal, Canada",;0 days 00:01:33;0 days 00:01:50;0 days 00:02:06,0 days 00:01:33,0.5636363636363636,0,,,0,,
134.0,134;135,133.0;134.0,Canada,6,1900-01-01 02:13:45,1900-01-01 02:19:21,"['00', '05', '36']",5.6,6,;223;224;225;226;227;228,;Canada;Rwanda;Africa ;Canada;Africa;Canada,3,;223;226;228,;Canada;Canada;Canada,;0 days 00:00:12;0 days 00:02:45;0 days 00:04:53,0 days 00:00:12,0.03571428571428571,0,,,0,,
136.0,136;137,135.0;136.0,"Montreal, Canada",4,1900-01-01 02:19:21,1900-01-01 02:21:27,"['00', '02', '06']",2.1,14,;229;230;231;232;233;234;235;236;237;238;239;240;241;242,";USA;Montreal, Canada;Quebec, Canada;Quebec, Canada;Quebec City, Canada;Quebec City, Canada;Quebec City, Canada;Montreal, Canada;Montreal, Canada;Montreal, Canada;Rwanda;Montreal, Canada;Quebec City, Canada;Montreal, Canada",6,;230;236;237;238;240;242,";Montreal, Canada;Montreal, Canada;Montreal, Canada;Montreal, Canada;Montreal, Canada;Montreal, Canada",;0 days 00:00:11;0 days 00:00:22;0 days 00:00:26;0 days 00:00:45;0 days 00:00:54;0 days 00:01:33,0 days 00:00:11,0.0873015873015873,0,,,0,,
138.0,138;139,137.0;138.0,Canada,6,1900-01-01 02:21:27,1900-01-01 02:25:32,"['00', '04', '05']",4.083333333333333,3,;243;244;245,";Canada;Africa;Bujumbura, Burundi",1,;243,;Canada,;0 days 00:00:04,0 days 00:00:04,0.0163265306122449,0,,,0,,
140.0,140,139.0,"Henri-Bourassa, Montreal, Canada",3,1900-01-01 02:25:32,1900-01-01 02:27:05,"['00', '01', '33']",1.55,1,;246,";Henri-Bourassa, Montreal, Canada",1,;246,";Henri-Bourassa, Montreal, Canada",;0 days 00:00:06,0 days 00:00:06,0.06451612903225806,0,,,0,,
141.0,141,140.0,"Montreal, Canada",4,1900-01-01 02:27:05,1900-01-01 02:28:40,"['00', '01', '35']",1.5833333333333333,0,,,0,,,,0,0.0,0,,,0,,
142.0,142,141.0,"Université de Montréal, Montreal, Canada",2,1900-01-01 02:28:40,1900-01-01 02:29:05,"['00', '00', '25']",0.4166666666666667,1,;247,";Université de Montréal, Montreal, Canada",1,;247,";Université de Montréal, Montreal, Canada",;0 days 00:00:16,0 days 00:00:16,0.64,0,,,0,,
143.0,143,142.0,"Montreal, Canada",4,1900-01-01 02:29:05,1900-01-01 02:29:30,"['00', '00', '25']",0.4166666666666667,0,,,0,,,,0,0.0,0,,,0,,
144.0,144,143.0,_end,8,1900-01-01 02:29:30,1900-01-01 02:29:46,"['00', '00', '16']",0.26666666666666666,0,,,0,,,,0,0.0,0,,,0,,
145.0,145,144.0,"Centre de documentation sur l'éducation des adultes et la condition féminine, Montreal, Qc",2,1900-01-01 02:29:46,1900-01-01 02:30:39,"['00', '00', '53']",0.8833333333333333,1,;248,";Centre de documentation sur l'éducation des adultes et la condition féminine, Montreal, Qc",1,;248,";Centre de documentation sur l'éducation des adultes et la condition féminine, Montreal, Qc",;0 days 00:00:11,0 days 00:00:11,0.20754716981132076,0,,,0,,
146.0,146;147;148,145.0;146.0;147.0,"Montreal, Canada",4,1900-01-01 02:30:39,1900-01-01 02:33:10,"['00', '02', '31']",2.5166666666666666,7,;249;250;251;252;253;254;255,";Montreal, Canada;Canada;Quebec, Canada;Quebec, Canada;Canada;Quebec, Canada;Rwanda",1,;249,";Montreal, Canada",;0 days 00:00:01,0 days 00:00:01,0.006622516556291391,2,;250;253,;Canada;Canada,0,,
149.0,149;150;151,148.0;149.0;150.0,Rwanda,6,1900-01-01 02:33:10,1900-01-01 02:42:05,"['00', '08', '55']",8.916666666666666,13,;256;257;258;259;260;261;262;263;264;265;266;267;268,";Rwanda;Quebec, Canada;Rwanda;Rwanda;Rwanda;Rwanda;Rwanda;Canada;Canada;Rwanda;Bukavu, Democratic Republic of Congo;Bukavu, Democratic Republic of Congo;Rwanda",8,;256;258;259;260;261;262;265;268,;Rwanda;Rwanda;Rwanda;Rwanda;Rwanda;Rwanda;Rwanda;Rwanda,;0 days 00:00:34;0 days 00:01:54;0 days 00:02:08;0 days 00:02:14;0 days 00:02:43;0 days 00:02:51;0 days 00:04:01;0 days 00:07:30,0 days 00:00:34,0.06355140186915888,0,,,0,,
152.0,152;153;154,151.0;152.0;153.0,"Montreal, Canada",4,1900-01-01 02:42:05,1900-01-01 02:43:00,"['00', '00', '55']",0.9166666666666666,3,;269;270;271,";Montreal, Canada;Montreal, Canada;Rwanda",2,;269;270,";Montreal, Canada;Montreal, Canada",;0 days 00:00:15;0 days 00:00:47,0 days 00:00:15,0.2727272727272727,0,,,0,,
155.0,155,nan,Rwanda,6,1900-01-01 02:42:50,1900-01-01 02:43:00,"['00', '00', '10']",0.16666666666666666,2,;270;271,";Montreal, Canada;Rwanda",1,;271,;Rwanda,;0 days 00:00:08,0 days 00:00:08,0.8,0,,,0,,
156.0,156;157,154.0;155.0,_end,8,1900-01-01 02:43:00,1900-01-01 02:45:10,"['00', '02', '10']",2.1666666666666665,1,;272,;Rwanda,0,,,,0,0.0,0,,,0,,
158.0,158,156.0,Rwanda,6,1900-01-01 02:45:10,1900-01-01 02:46:25,"['00', '01', '15']",1.25,4,;273;274;275;276,";Bukavu, Democratic Republic of Congo;Bukavu, Democratic Republic of Congo;Bujumbura, Burundi;Rwanda",1,;276,;Rwanda,;0 days 00:00:57,0 days 00:00:57,0.76,0,,,0,,
159.0,159,nan,"Bukavu, Democratic Republic of Congo",4,1900-01-01 02:45:10,1900-01-01 02:46:25,"['00', '01', '15']",1.25,4,;273;274;275;276,";Bukavu, Democratic Republic of Congo;Bukavu, Democratic Republic of Congo;Bujumbura, Burundi;Rwanda",2,;273;274,";Bukavu, Democratic Republic of Congo;Bukavu, Democratic Republic of Congo",;0 days 00:00:26;0 days 00:00:54,0 days 00:00:26,0.3466666666666667,0,,,0,,
160.0,160,nan,"Bujumbura, Burundi",4,1900-01-01 02:45:10,1900-01-01 02:46:25,"['00', '01', '15']",1.25,4,;273;274;275;276,";Bukavu, Democratic Republic of Congo;Bukavu, Democratic Republic of Congo;Bujumbura, Burundi;Rwanda",1,;275,";Bujumbura, Burundi",;0 days 00:00:55,0 days 00:00:55,0.7333333333333333,0,,,0,,
161.0,161;162;163;164;165;166,157.0;158.0;159.0;160.0;161.0;162.0,_end,8,1900-01-01 02:46:25,1900-01-01 02:49:50,"['00', '03', '25']",3.4166666666666665,2,;277;278,;Rwanda;Rwanda,0,,,,0,0.0,0,,,0,,
167.0,167,163.0,Rwanda,6,1900-01-01 02:49:50,1900-01-01 02:51:21,"['00', '01', '31']",1.5166666666666666,0,,,0,,,,0,0.0,0,,,0,,
