Session #,Cumulative Time mentioned (h:mm:ss),Clip Time mentioned (h:mm:ss),Location,Scale,Characters,By Interviewer,Year,Analyst comments
1,0:00:16,0:00:16,Marchand Dessalines; Haiti,city / area,Ceradieu,,1935,
1,0:00:30,0:00:30,Gonaives; Haiti,city / area,Ceradieu,,1946,
1,0:00:41,0:00:41,Gonaives; Haiti,city / area,Ceradieu,,1946,
1,0:00:57,0:00:57,Gonaives; Haiti,city / area,Ceradieu,yes,1946,
1,0:01:12,0:01:12,Haiti,country,Ceradieu,yes,,
1,0:02:14,0:02:14,Haiti,country,Ceradieu,yes,,
1,0:03:00,0:03:00,Gonaives; Haiti,city / area,Ceradieu,,,
1,0:03:26,0:03:26,Haiti,country,Ceradieu's siblings,yes,,
1,0:03:33,0:03:33,USA,country,Brother,,,
1,0:03:38,0:03:38,France,country,Brother,,,
1,0:03:41,0:03:41,Haiti,country,Sister,,,
1,0:03:58,0:03:58,Haiti,country,Ceradieu,yes,,
1,0:04:43,0:04:33,Artibonite; Haiti,region,Peasants,yes,,
1,0:04:48,0:04:48,Artibonite; Haiti,region,Peasants,yes,,
1,0:06:08,0:06:08,Gonaives; Haiti,city / area,Ceradieu,yes,,
1,0:06:09,0:06:09,Port-au-Prince; Haiti,city / area,Ceradieu,yes,,
1,0:06:11,0:06:11,Gonaives; Haiti,city / area,Ceradieu,yes,,
1,0:06:13,0:06:13,Gonaives; Haiti,city / area,Ceradieu,,,
1,0:06:20,0:06:20,Haiti,country,Ceradieu,,1965,
1,0:06:32,0:06:32,Port-au-Prince; Haiti,city / area,Ceradieu,,1958,
1,0:06:45,0:06:45,Port-au-Prince; Haiti,city / area,Ceradieu,,1958,
1,0:07:44,0:07:44,Gonaives; Haiti,city / area,Ceradieu,yes,1955 - 1958,
1,0:08:35,0:08:35,Bassin; Artibonite; Haiti,local,Miners,,1955 - 1958,
1,0:08:44,0:08:44,Artibonite; Haiti,region,Peasants,,1955 - 1958,
1,0:08:48,0:08:48,Artibonite; Haiti,region,Peasants,,1955 - 1958,
1,0:08:52,0:08:52,Port-au-Prince; Haiti,city / area,Militants,yes,1955 - 1958,
1,0:09:00,0:09:00,Port-au-Prince; Haiti,city / area,Militants,,1955 - 1958,
1,0:09:42,0:09:42,Port-au-Prince; Haiti,city / area,Ceradieu,yes,,
1,0:09:43,0:09:43,Port-au-Prince; Haiti,city / area,Ceradieu,,,
1,0:11:04,0:11:04,Pénitentier National; Port-au-Prince; Haiti,very local,Ceradieu,,1961,
1,0:11:05,0:11:05,Fort-Dimanche; Haiti,very local,Ceradieu,yes,1961,
1,0:11:07,0:11:07,National Palace; Port-au-Prince; Haiti,very local,Ceradieu,,1961,"only mentions ""palais"". It is obvious that he means the only palais in PauP; but should not be considered a mention since it is understood only in context."
1,0:11:08,0:11:08,Casernes Dessalines; Port-au-Prince; Haiti,very local,Ceradieu,yes,1961,
1,0:11:09,0:11:09,Casernes Dessalines; Port-au-Prince; Haiti,very local,Ceradieu,,1961,
1,0:11:38,0:11:38,Le Maquis; Haiti,city / area,Ceradieu,,1961,
1,0:11:51,0:11:51,Le Maquis; Haiti,city / area,Ceradieu,,1961,
1,0:12:05,0:12:05,Le Maquis; Haiti,city / area,Ceradieu,,1961,
1,0:12:13,0:12:13,Gonaives; Haiti,city / area,Ceradieu,,1962,
1,0:12:17,0:12:17,Gonaives; Haiti,city / area,Ceradieu,,1962,
1,0:12:22,0:12:22,Gonaives; Haiti,city / area,Ceradieu,,1962,
1,0:12:58,0:12:58,Gonaives; Haiti,city / area,Ceradieu,,1962,
1,0:13:02,0:13:02,Gonaives; Haiti,city / area,Ceradieu,,1962,
1,0:14:08,0:14:08,Gonaives; Haiti,city / area,Ceradieu,yes,1962,
1,0:14:12,0:14:12,Gonaives; Haiti,city / area,Ceradieu,,1962,
1,0:14:18,0:14:18,Gonaives; Haiti,city / area,Ceradieu,,1962,
1,0:14:39,0:14:39,Port-au-Prince; Haiti,city / area,Ceradieu,,1962 - 1963,
1,0:15:25,0:15:25,Gonaives; Haiti,city / area,Ceradieu,,1962 - 1963,
1,0:16:08,0:16:08,Gonaives; Haiti,city / area,Ceradieu,yes,,
1,0:16:09,0:16:09,Gonaives; Haiti,city / area,Ceradieu,,,
1,0:16:18,0:16:18,Saint-Marc; Haiti,city / area,Haitian rioters,,1966,"Not sure if he's saying ""saint marc"" without pronouncing the ""rc"" or if he's saying ""Sema"" which could only be the tiny mountain village of ""Nan Sema"
1,0:16:24,0:16:24,Saint-Marc; Haiti,city / area,Haitian rioters,,1966,
1,0:16:25,0:16:25,Gonaives; Haiti,city / area,Ceradieu,,1966,
1,0:17:01,0:17:01,Saint-Marc; Haiti,city / area,Marc Muller,,1966,
1,0:17:39,0:17:39,Gonaives; Haiti,city / area,Ceradieu,,1966,
1,0:18:59,0:18:59,Gonaives; Haiti,city / area,Marc Muller,,1966,
1,0:19:03,0:19:03,Gonaives Prison; Gonaives; Haiti,city / area,Marc Muller,,1966,
1,0:19:07,0:19:07,Gonaives Prison; Gonaives; Haiti,city / area,Marc Muller,,1966,
1,0:19:12,0:19:12,Saint-Marc; Haiti,city / area,Marc Muller,,1966,
1,0:19:15,0:19:15,Saint-Marc; Haiti,city / area,Marc Muller,,1966,
1,0:19:29,0:19:29,Gonaives; Haiti,city / area,Marc Muller,,1966,
1,0:19:41,0:19:41,Saint-Marc; Haiti,city / area,Haitian prisoners,,1968,
1,0:19:44,0:19:44,Gonaives; Haiti,city / area,Haitian prisoners,,1968,
1,0:19:46,0:19:46,Cap-Haitien; Haiti,city / area,Haitian prisoners,,1968,
1,0:19:48,0:19:48,Petite Rivière de l'Artibonite; Haiti,city / area,Haitian prisoners,,1968,
1,0:19:52,0:19:52,Verrettes; Haiti,city / area,Haitian prisoners,,1968,
1,0:19:53,0:19:53,Verrettes; Haiti,city / area,Haitian prisoners,,1968,
1,0:19:54,0:19:54,Desarmes; Haiti,city / area,Haitian prisoners,,1968,
1,0:19:55,0:19:55,La Chapelle; Haiti,city / area,Haitian prisoners,,1968,
1,0:20:02,0:20:02,Saint-Marc; Haiti,city / area,Haitian prisoners,,1968,
1,0:20:45,0:20:45,Artibonite; Haiti,region,Charles Hotel St-Fort; Zachary,,,
1,0:20:49,0:20:49,Saint-Marc; Haiti,city / area,Charles Autain St-Fort,yes,,
1,0:21:11,0:21:11,Montreal; Canada,city / area,Charles Autain St-Fort,yes,,
1,0:21:13,0:21:13,Montreal; Canada,city / area,Charles Autain St-Fort,,,
1,0:21:16,0:21:16,Université de Montréal; Montreal; Canada,very local,Charles Autain St-Fort,,,
1,0:22:03,0:22:03,Montreal; Canada,city / area,Charles Autain St-Fort,,,
1,0:22:07,0:22:07,Haiti,country,Charles Autain St-Fort,,,
1,0:22:23,0:22:23,Canada,country,Charles Autain St-Fort,yes,,
1,0:22:31,0:22:31,Université de Montréal; Montreal; Canada,very local,Charles Autain St-Fort,,,
1,0:23:50,0:23:50,Université de Montréal; Montreal; Canada,very local,Charles Autain St-Fort,yes,,
1,0:24:09,0:24:09,Montreal; Canada,city / area,unknown character,yes,,
1,0:24:11,0:24:11,Montreal; Canada,city / area,,yes,,
1,0:27:12,0:27:12,Gonaives; Haiti,city / area,Zachary; Zachary's sisters; mother; Ceradieu,,,
1,0:27:46,0:27:46,Gonaives; Haiti,city / area,Ceradieu,yes,,
1,0:28:03,0:28:03,Gonaives; Haiti,city / area,Militia; Zachary,,,
1,0:28:19,0:28:19,Gonaives; Haiti,city / area,Militia; Zachary,,,
1,0:28:43,0:28:43,Gonaives; Haiti,city / area,Zachary,,,
1,0:30:28,0:30:28,Middle School Jean Jacques Dessalines; Gonaives; Haiti,very local,Ceradieu,,,
1,0:30:30,0:30:30,Middle School Jean Jacques Dessalines; Gonaives; Haiti,very local,Ceradieu,,,
1,0:30:54,0:30:54,Haiti,country,,,,"from the journal title ""Haiti Demain"""
1,0:31:25,0:31:25,Port-au-Prince; Haiti,city / area,Ceradieu,yes,,
1,0:31:26,0:31:26,Port-au-Prince; Haiti,city / area,Ceradieu,,,
1,0:31:27,0:31:27,Port-au-Prince; Haiti,city / area,Ceradieu,,,
1,0:31:59,0:31:59,Port-au-Prince; Haiti,city / area,Ceradieu,,1955 - 1972,range: politically active years
1,0:32:11,0:32:11,National Palace; Port-au-Prince; Haiti,very local,Ceradieu,,,
1,0:32:14,0:32:14,Haiti,country,,,,"from the journal title ""Haiti Demain"""
1,0:32:23,0:32:23,National Palace; Port-au-Prince; Haiti,very local,Ceradieu,yes,,"says ""au palais"""
1,0:32:26,0:32:26,Gonaives; Haiti,city / area,Ceradieu,,,
1,0:32:34,0:32:34,National Palace; Port-au-Prince; Haiti,very local,Ceradieu; Duvalier,,,3rd floor of the national palace
1,0:32:40,0:32:40,National Palace; Port-au-Prince; Haiti,very local,Ceradieu,,,
1,0:32:48,0:32:48,Artibonite; Haiti,region,Duvalier's Militia,,,
1,0:33:06,0:33:06,Artibonite; Haiti,region,Duvalier's Militia,yes,,
1,0:33:10,0:33:10,Artibonite; Haiti,region,Ceradieu,yes,,
1,0:33:25,0:33:25,Gonaives; Haiti,city / area,Ceradieu,yes,,
1,0:34:17,0:34:17,Plaine de Gonaive; Haiti,city / area,Ceradieu,,1965 - 1966,not a google searchable term but a real place reported in articles
1,0:35:01,0:35:01,Gonaives; Haiti,city / area,Ceradieu,,1966,
1,0:35:18,0:35:18,Casernes Dessalines; Port-au-Prince; Haiti,very local,Ceradieu,,1966,"only mentions ""casernes"""
1,0:36:30,0:36:30,Ecole Normale Superieure; Port-au-Prince; Haiti,very local,Ceradieu,,,unclear whether this is the ecole in Paris or in PauP
1,0:38:36,0:38:36,Saint-Marc; Haiti,city / area,Ceradieu,,1966,
1,0:38:40,0:38:40,Saint-Marc; Haiti,city / area,Ceradieu,,1966,
1,0:38:45,0:38:45,Saint-Marc; Haiti,city / area,Ceradieu,,1966,
1,0:38:54,0:38:54,Gonaives; Haiti,city / area,Ceradieu,yes,1966,
1,0:38:56,0:38:56,Gonaives; Haiti,city / area,Ceradieu,,1966,
1,0:39:38,0:39:38,Gonaives; Haiti,city / area,Ceradieu,,1966,
1,0:39:39,0:39:39,Saint-Marc; Haiti,city / area,arrested haitians,,1966,
1,0:41:13,0:41:13,Cap-Haitien; Haiti,city / area,Haitian prisoners,,1966,"only says ""les gens venu du Cap"" but he is clearly referring to this location given his earlier reference to it"
1,0:41:17,0:41:17,Cap-Haitien; Haiti,city / area,Haitian prisoners,,1966,"only says ""les gens venu du Cap"" but he is clearly referring to this location given his earlier reference to it"
1,0:41:23,0:41:23,Petite Rivière de l'Artibonite; Haiti,city / area,Haitian prisoners,,1966,
1,0:41:29,0:41:29,La Chapelle; Haiti,city / area,Haitian prisoners,,1966,
1,0:41:37,0:41:37,Verrettes; Haiti,city / area,Haitian prisoners,,1966,
1,0:42:52,0:42:52,Saint-Marc; Haiti,city / area,Capitaine Milissent de St Marc,,,
1,0:43:30,0:43:30,Cap-Haitien; Haiti,city / area,Officer,,1968,
1,0:43:50,0:43:50,Saint-Marc; Haiti,city / area,Zachary,,1968,
1,0:44:07,0:44:07,Prison; Saint-Marc; Artibonite; Haiti,very local,political prisoners,,1968,
1,0:44:18,0:44:18,Gonaives; Haiti,city / area,political prisoners,,1968,
1,0:44:51,0:44:51,Gonaives; Haiti,city / area,Ceradieu,,,
1,0:44:52,0:44:52,Gonaives; Haiti,city / area,Ceradieu,,,
1,0:45:19,0:45:19,Gonaives; Haiti,city / area,Ceradieu,,,
1,0:47:45,0:47:45,Artibonite; Haiti,region,Ceradieu,,,"""la vallee d'artibonite"""
1,0:47:47,0:47:47,Prison; Saint-Marc; Artibonite; Haiti,city / area,Ceradieu,,,"cites ""la prison de St Marc"" though it is not searchable on google"
1,0:50:30,0:50:30,Saint-Marc; Haiti,city / area,Ceradieu,yes,,
1,0:50:34,0:50:34,Saint-Marc; Haiti,city / area,Ceradieu,,,
1,0:50:48,0:50:48,Carrefour Feuilles; Port-au-Prince; Haiti,local,Yves,,1969,
1,0:50:51,0:50:51,Martissant; Port-au-Prince; Haiti,local,Yves,yes,1969,
1,0:50:52,0:50:52,Fontamara; Port-au-Prince; Haiti,local,Yves,yes,1969,
1,0:50:52,0:50:52,Martissant; Port-au-Prince; Haiti,local,Yves,,1969,
1,0:51:31,0:51:31,Morne Canot; Haiti,city / area,Claude,,1969,
1,0:51:32,0:51:32,Morne Canot; Haiti,city / area,Claude,,1969,
1,0:53:00,0:53:00,Petite Rivière de l'Artibonite; Haiti,city / area,Claude,,1969,
1,0:53:03,0:53:03,Petite Rivière de l'Artibonite; Haiti,city / area,Claude,,1969,
1,0:53:06,0:53:06,Morne Canot; Haiti,city / area,Claude,,1969,best estimation of this place. Seeing as he says its near la petite rivière d'artibonite
1,0:53:10,0:53:10,Saint-Marc; Haiti,city / area,Claude,,1969,
1,0:54:42,0:54:42,Port-au-Prince; Haiti,city / area,Yves,yes,1969,
1,0:54:47,0:54:47,Saint-Marc; Haiti,city / area,Yves,,1969,
1,0:55:16,0:55:16,Cuba,country,,,1969,
1,0:57:24,0:57:24,Gonaives; Haiti,city / area,Cambronne,,1971,
1,0:58:16,0:58:16,La Chapelle; Haiti,city / area,Prisoner,,1971,
1,0:59:14,0:59:14,Saint-Marc; Haiti,city / area,Marc Molere,,1971,
1,0:58:58,0:58:58,Port-au-Prince; Haiti,city / area,Ceradieu; Hanus,,1971,
1,0:59:22,0:59:22,Port-au-Prince; Haiti,city / area,Ceradieu; Hanus,,1971,
1,0:59:23,0:59:23,Port-au-Prince; Haiti,city / area,Ceradieu; Hanus,,1971,
1,0:59:26,0:59:26,Port-au-Prince; Haiti,city / area,Ceradieu; Hanus,,1971,
1,1:00:10,1:00:10,Artibonite; Haiti,region,Ceradieu,,1971,
1,1:00:39,1:00:39,Gonaives; Haiti,city / area,Ceradieu,yes,1971,
1,1:00:58,1:00:58,Gonaives; Haiti,city / area,Ceradieu,,1971,
1,1:01:05,1:01:05,Gonaives; Haiti,city / area,Ceradieu,,1971,
1,1:01:09,1:01:09,Port-au-Prince; Haiti,city / area,Ceradieu,,1971,
1,1:01:51,1:01:51,Canada,country,Ceradieu,yes,1972,
1,1:04:31,1:04:31,Saint Paul Street; Montreal; Canada,local,Ceradieu,,1972 - 1976,
1,1:04:35,1:04:35,William Street; Montreal; Canada,local,Ceradieu,,1972 - 1976,smiles as he discusses this place and time; noticeable given how he is not smiling when discussing previous locations. To be noted. 
1,1:04:42,1:04:42,William Street; Montreal; Canada,local,Ceradieu,,1972 - 1976,
1,1:04:46,1:04:46,Victoria Square Station; Montreal; Canada,very local,Ceradieu,,2009,
1,1:04:59,1:04:59,BCHM; Montreal; Canada,very local,Ceradieu,yes,1972,
1,1:05:03,1:05:03,Maison d'Haiti; Montreal; Canada,very local,Ceradieu,yes,1972,
1,1:05:05,1:05:05,Maison d'Haiti; Montreal; Canada,very local,Ceradieu,,1972 - 2009,
1,1:05:17,1:05:17,Maison d'Haiti; Montreal; Canada,very local,Ceradieu,,1972 - 2009,
1,1:05:23,1:05:23,Maison d'Haiti; Montreal; Canada,very local,Ceradieu,,2009,says he was there the week before the interview
1,1:05:27,1:05:27,BCHM; Montreal; Canada,very local,Ceradieu,,1972 - 2009,
1,1:05:34,1:05:34,Maison d'Haiti; Montreal; Canada,very local,Ceradieu,,1972 - 2009,
1,1:05:39,1:05:39,Maison d'Haiti; Montreal; Canada,very local,Ceradieu,,1972 - 2009,
1,1:05:42,1:05:42,BCHM; Montreal; Canada,very local,Ceradieu,,1972 - 2009,
1,1:06:42,1:06:42,Gonaives; Haiti,city / area,Ceradieu; Wife,,1972,
1,1:06:50,1:06:50,Gonaives; Haiti,city / area,Ceradieu; Wife,,1972,
1,1:06:55,1:06:55,Montreal; Canada,city / area,Ceradieu,yes,1972,first explicit mention of Montreal as a place Ceradieu moved to
1,1:06:58,1:06:58,Longueuil; Canada,city / area,Ceradieu,,2009,
1,1:07:01,1:07:01,Longueuil; Canada,city / area,Ceradieu,,2009,
1,1:07:10,1:07:10,Villeray; Montreal; Canada,local,Ceradieu,,1972,could be classified as city/area. Anything campus/small neighbourhood size is what I tend to mark as local
1,1:07:14,1:07:14,Outremont; Montreal; Canada,local,Ceradieu,,1985,
1,1:07:17,1:07:17,Outremont; Montreal; Canada,local,Ceradieu,,1985,
1,1:07:29,1:07:29,Rosemont; Montreal; Canada,local,Ceradieu,,1998,
1,1:07:41,1:07:41,Longueuil; Canada,city / area,Ceradieu,,2003,
1,1:08:05,1:08:05,Montreal; Canada,city / area,Ceradieu,yes,1972,
1,1:08:28,1:08:28,Montreal; Canada,city / area,Ceradieu,yes,1972,
1,1:09:31,1:09:31,Pierre Elliott Trudeau International Airport; Montreal; Canada,very local,Ceradieu,,1972,mentions Dorval airport; which still redirects to its current name
1,1:09:32,1:09:32,Dorval; Montreal; Canada,local,Ceradieu,,1972,mentions the neighborhood
1,1:09:43,1:09:43,Montreal; Canada,city / area,Ceradieu,,1972 - 2009,
1,1:10:10,1:10:10,Haiti,country,Ceradieu,yes,,
1,1:10:35,1:10:35,Haiti,country,Ceradieu,,2009,
1,1:11:48,1:11:48,Haiti,country,Ceradieu,,,
1,1:12:12,1:12:12,Haiti,country,Ceradieu,,,
1,1:12:20,1:12:20,Haiti,country,Ceradieu,,,
1,1:13:27,1:13:27,Haiti,country,Ceradieu,yes,,
1,1:13:42,1:13:42,Haiti,country,Ceradieu,,,
1,1:14:54,1:14:54,Quebec; Canada,region,Ceradieu,yes,,
1,1:15:34,1:15:34,Montreal; Canada,city / area,Ceradieu,,,
1,1:16:05,1:16:05,Festival International de Jazz de Montréal; Montreal; Canada,very local,Ceradieu,,1972 - 2009,"simply mentions ""festival de Jazz"". This is; however; geocodable due to their permanent headquarters in mtl"
1,1:18:01,1:18:01,Maison d'Haiti; Montreal; Canada,very local,Ceradieu,yes,,
1,1:18:36,1:18:36,Maison d'Haiti; Montreal; Canada,very local,Ceradieu,yes,,
1,1:20:22,1:20:22,Fort-Dimanche; Haiti,very local,Frantz,yes,,
1,1:20:23,1:20:23,Fort-Dimanche; Haiti,very local,Ceradieu,,,
1,1:21:00,1:21:00,180 Cuvillier; Longueuil; Canada,very local,Ceradieu,,2009,
1,1:21:14,1:21:14,Longueuil; Canada,city / area,Ceradieu,yes,,
1,1:21:15,1:21:15,Longueuil; Canada,city / area,Ceradieu,,,
2,1:23:46,0:01:42,Gonaives; Haiti,city / area,Ceradieu's uncle,,,
2,1:27:46,0:05:42,Gonaives; Haiti,city / area,Ceradieu,yes,1955,
2,1:28:04,0:06:00,Port-au-Prince; Haiti,city / area,Ceradieu's friend,,1955,The name of Ceradieu's friend was George Jean Charles
2,1:36:01,0:13:57,Haiti,country,Ceradieu,yes,1950,chrono as suggested by interviewer
2,1:36:20,0:14:16,Gonaives; Haiti,city / area,Ceradieu,yes,1947,"chrono as suggested by interviewer ""quand vous aviez 12 ans"""
2,1:36:28,0:14:24,Gonaives; Haiti,city / area,Ceradieu,,1947,
2,1:36:41,0:14:37,Place d'Armes de la Ville des Gonaives; Gonaives; Haiti,very local,Ceradieu,,1947,
2,1:36:48,0:14:44,Rue Saint Charles; Gonaives; Haiti,local,Ceradieu,,1947,
2,1:39:18,0:17:14,Le Maquis; Haiti,city / area,Ceradieu,,1962,
2,1:44:25,0:22:21,Le Maquis; Haiti,city / area,Ceradieu,,1962,
2,1:45:14,0:23:10,Le Maquis; Haiti,city / area,Ceradieu,,1962 - 63,
2,1:50:32,0:28:28,Haiti,country,Haitians,,,
2,1:50:34,0:28:30,Haiti,country,Haitians,,,
2,1:50:47,0:28:43,Port-au-Prince; Haiti,city / area,Ceradieu,,1958,chrono based on when he went to PauP (?)
2,1:51:23,0:29:19,Gonaives; Haiti,city / area,Ceradieu,,1966,when he was arrested 2nd time
2,1:51:28,0:29:24,Gonaives; Haiti,city / area,Police report,,1966,
2,1:51:30,0:29:26,Port-au-Prince; Haiti,city / area,Police report,,1966,
2,1:51:34,0:29:30,Port-au-Prince; Haiti,city / area,Police officers,,1966,
2,1:51:46,0:29:42,Gonaives; Haiti,city / area,Ceradieu,,1966,
2,1:52:25,0:30:21,Petite Rivière de l'Artibonite; Haiti,city / area,Fellow militant,,1966,Based on a book written by this militant; Ceradieu was the one who denounced him; a statement that Ceradieu thinks is completely false
2,1:52:27,0:30:23,Gonaives; Haiti,city / area,Ceradieu,,1966,
2,1:52:30,0:30:26,Gonaives; Haiti,city / area,Ceradieu,,1966,
2,1:53:54,0:31:50,Haiti,country,Haitians,,,
2,1:54:40,0:32:36,Haiti,country,Haitians,,,
2,1:57:02,0:34:58,Cap-Haitien; Haiti,city / area,Militants,,1968,when 
2,1:57:12,0:35:08,Saint-Marc; Haiti,city / area,Ceradieu,,1968,
2,1:57:14,0:35:10,Saint-Marc; Haiti,city / area,Ceradieu,,1968,
2,1:57:22,0:35:18,Gonaives; Haiti,city / area,Marc Muller,,1968,
2,1:57:26,0:35:22,Gonaives; Haiti,city / area,Marc Muller; militant prisoners,,1968,
2,1:58:04,0:36:00,Saint-Marc; Haiti,city / area,Ceradieu; Marc Muller,,1966,
2,2:02:13,0:40:09,The Caribbean,continent,Voodoo practitioners,yes,,
2,2:02:20,0:40:16,The Caribbean,continent,Voodoo practitioners,,,
2,2:03:25,0:41:21,Université de Montréal; Montreal; Canada,very local,Charles Hautin St-Fort; Ceradieu; Ceradieu's student friend,yes,,
2,2:04:01,0:41:57,Montreal; Canada,city / area,Charles Hautin St-Fort; Ceradieu,yes,,
2,2:04:07,0:42:03,Université de Montréal; Montreal; Canada,very local,Charles Hautin St-Fort; Ceradieu; Ceradieu's student friend,,,
2,2:05:21,0:43:17,Montreal; Canada,city / area,Charles Hautin St-Fort,,,at time of charles' death
2,2:06:48,0:44:44,Haiti,country,Frantz Voltaire,yes,2009,
2,2:06:50,0:44:46,Haiti,country,Frantz Voltaire,,2009,
2,2:08:19,0:46:15,Artibonite; Haiti,region,Officers from Artibonite,,,
2,2:08:29,0:46:25,Artibonite; Haiti,region,Officers from Artibonite,,,
2,2:08:33,0:46:29,National Palace; Port-au-Prince; Haiti,very local,Officers from Artibonite,,,"he only mentions ""le palais"" here"
2,2:08:42,0:46:38,Artibonite; Haiti,region,Haitians,yes,,
2,2:08:46,0:46:42,Artibonite; Haiti,region,Haitians, ,,
2,2:09:19,0:47:15,National Palace; Port-au-Prince; Haiti,very local,Officers from Artibonite,,,
2,2:09:38,0:47:34,National Palace; Port-au-Prince; Haiti,very local,Officers from Artibonite; Ceradieu,,,"he only mentions ""le palais"" here"
2,2:18:33,0:56:29,Gonaives; Haiti,city / area,Ceradieu,,1971,
2,2:18:36,0:56:32,Gonaives; Haiti,city / area,Ceradieu,,1971,
2,2:18:49,0:56:45,Gonaives; Haiti,city / area,Ceradieu,,1971,
2,2:19:12,0:57:08,Gonaives; Haiti,city / area,Ceradieu,,1971,
2,2:19:24,0:57:20,Gonaives; Haiti,city / area,Ceradieu,,1971,
2,2:19:32,0:57:28,Port-au-Prince; Haiti,city / area,Ceradieu,,1971,
2,2:19:34,0:57:30,Port-au-Prince; Haiti,city / area,Ceradieu,,1971,
2,2:19:37,0:57:33,Port-au-Prince; Haiti,city / area,Ceradieu,,1971 - 1972,
2,2:19:40,0:57:36,Port-au-Prince; Haiti,city / area,Ceradieu,,1971 - 1972,
2,2:19:53,0:57:49,Port-au-Prince; Haiti,city / area,Ceradieu,,1971 - 1972,
2,2:19:56,0:57:52,Port-au-Prince; Haiti,city / area,Ceradieu,,1971 - 1972,
2,2:19:57,0:57:53,Gonaives; Haiti,city / area,Ceradieu,,1971 - 1972,
2,2:19:59,0:57:55,Gonaives; Haiti,city / area,Ceradieu,,1971 - 1972,
2,2:19:59,0:57:55,Port-au-Prince; Haiti,city / area,Ceradieu,,1971 - 1972,
2,2:20:01,0:57:57,Port-au-Prince; Haiti,city / area,Ceradieu,,1971 - 1972,
2,2:20:01,0:57:57,Gonaives; Haiti,city / area,Ceradieu,,1971 - 1972,
2,2:20:03,0:57:59,Port-au-Prince; Haiti,city / area,Ceradieu,,1971 - 1972,
2,2:23:38,1:01:34,Haiti,country,Ceradieu,,1972,
2,2:24:47,1:02:43,Haiti,country,Ceradieu,,1972,
2,2:26:20,1:04:16,Haiti,country,Ceradieu,yes,1971,
2,2:26:28,1:04:24,Haiti,country,Ceradieu,,1971,
2,2:26:32,1:04:28,Haiti,country,Ceradieu,,1971 - 1972,
2,2:28:05,1:06:01,USA,country,Ceradieu's friends,yes,1972,
2,2:28:07,1:06:03,Canada,country,Ceradieu's friends,yes,1972,
2,2:28:08,1:06:04,USA,country,Ceradieu's friends,,1972,
2,2:28:08,1:06:04,Canada,country,Ceradieu's friends,,1972,
2,2:28:11,1:06:07,Canada,country,Ceradieu's friends,,1972,
2,2:28:23,1:06:19,USA,country,Ceradieu's friends,,1972,
2,2:28:45,1:06:41,USA,country,Ceradieu's friends,,1972,
2,2:28:58,1:06:54,Gonaives; Haiti,city / area,Ceradieu's friends,yes,,
2,2:29:00,1:06:56,Gonaives; Haiti,city / area,Ceradieu's friends,,,
2,2:29:01,1:06:57,Port-au-Prince; Haiti,city / area,Ceradieu's friends,,,
2,2:29:07,1:07:03,Gonaives; Haiti,city / area,Ceradieu's friends,,,
2,2:29:19,1:07:15,Africa,continent,Ceradieu's friends,,,
2,2:29:19,1:07:15,Africa,continent,Ceradieu's friends,,,
2,2:29:25,1:07:21,USA,country,Ceradieu's friends,,1972,
2,2:29:35,1:07:31,Haiti,country,Ceradieu,,1972,
2,2:30:31,1:08:27,USA,country,Ceradieu's friends,,1972,
2,2:30:36,1:08:32,USA,country,Ceradieu,,1972,
2,2:30:40,1:08:36,Canada,country,Ceradieu,,1972,
2,2:30:46,1:08:42,Canada,country,Ceradieu,,1972,
2,2:31:12,1:09:08,Haiti,country,Ceradieu,,1972,
2,2:31:27,1:09:23,Canada,country,Ceradieu,,1972,
2,2:31:56,1:09:52,Haiti,country,Ceradieu,,1972,
2,2:32:36,1:10:32,Haiti,country,Ceradieu,,1972,
2,2:32:57,1:10:53,Montreal; Canada,city / area,Ceradieu,yes,1972,
2,2:33:00,1:10:56,Haiti,country,Ceradieu,,1972,
2,2:33:09,1:11:05,Miami; USA,city / area,Ceradieu,,1972,
2,2:33:14,1:11:10,Montreal; Canada,city / area,Ceradieu,,1972,
2,2:33:18,1:11:14,Montreal; Canada,city / area,Ceradieu,,1972,
2,2:33:21,1:11:17,Montreal; Canada,city / area,Ceradieu,,1972,
2,2:33:24,1:11:20,Miami; USA,city / area,Ceradieu,,1972,
2,2:33:27,1:11:23,Montreal; Canada,city / area,Ceradieu,yes,1972,
2,2:34:22,1:12:18,Haiti,country,Ceradieu,,1972,
2,2:36:45,1:14:41,Saint Christophe Street; Montreal; Canada,local,Ceradieu; cousin (?),,1972,
2,2:36:45,1:14:41,Berri-UQAM Station; Montreal; Canada,very local,none,,1972,
2,2:36:52,1:14:48,Outremont; Montreal; Canada,local,Ceradieu; female cousin,,1972,
2,2:37:20,1:15:16,Villeray; Montreal; Canada,local,Ceradieu; friend,,1973,
2,2:37:39,1:15:35,CIDIHCA; Montreal; Canada,very local,none,,2009,
2,2:37:40,1:15:36,Saint Paul Street; Montreal; Canada,local,Ceradieu,yes,1972 - 1976,
2,2:37:41,1:15:37,William Street; Montreal; Canada,local,Ceradieu,,1972 - 1976,
2,2:38:39,1:16:35,Longueuil; Canada,city / area,Ceradieu,,1977,
2,2:38:41,1:16:37,Centre de formation professionnelle Pierre-Dupuy; Longueuil; Canada,very local,Ceradieu,,1977,
2,2:38:43,1:16:39,Longueuil; Canada,city / area,Ceradieu,,1977,
2,2:38:44,1:16:40,Centre de formation professionnelle Pierre-Dupuy; Longueuil; Canada,very local,Ceradieu,,1977,
2,2:38:45,1:16:41,Centre de formation professionnelle Pierre-Dupuy; Longueuil; Canada,very local,Ceradieu,,1977,
2,2:39:31,1:17:27,Longueuil; Canada,city / area,Ceradieu,yes,2009,
2,2:39:33,1:17:29,Montreal; Canada,city / area,Ceradieu,,2009,
2,2:39:34,1:17:30,Saint Michel; Montreal; Canada,local,Ceradieu,,2009,"This neighbourhood might need to be replaced with the official district name of ""Villeray—Saint-Michel—Parc-Extension; Montreal; QC"" as well as all other mentions of villeray; etc. reducing precision"
2,2:39:38,1:17:34,Longueuil; Canada,city / area,Ceradieu,,2006 - 2009,
2,2:39:52,1:17:48,Outremont; Montreal; Canada,local,Ceradieu,,1985 - 1998,
2,2:40:00,1:17:56,Outremont; Montreal; Canada,local,Ceradieu,,1985 - 1998,
2,2:40:01,1:17:57,Villeray; Montreal; Canada,local,Ceradieu,,1972 - 1985,
2,2:40:06,1:18:02,Villeray; Montreal; Canada,local,Ceradieu,,1972 - 1985,
2,2:40:12,1:18:08,Beaubien Street; Montreal; Canada,local,Ceradieu,,1972 - 1985,
2,2:40:15,1:18:11,Beaubien Street; Montreal; Canada,local,Ceradieu,,1972 - 1985,
2,2:40:22,1:18:18,Outremont; Montreal; Canada,local,Ceradieu,,1985 - 1998,
2,2:40:26,1:18:22,Outremont; Montreal; Canada,local,Ceradieu,yes,1985 - 1998,
2,2:40:30,1:18:26,Outremont; Montreal; Canada,local,Ceradieu,,1985 - 1998,
2,2:40:39,1:18:35,Outremont; Montreal; Canada,local,Ceradieu,,1985 - 1998,
2,2:40:40,1:18:36,Outremont; Montreal; Canada,local,Ceradieu,,1985 - 1998,
2,2:40:46,1:18:42,Côte-Sainte-Catherine; Montreal; Canada,local,Montrealers,,1985 - 1998,"he says ""sainte catherine"" here; but it is clear he is talking about the cote rather than the downtown street since he is comparing streets in outremont"
2,2:40:50,1:18:46,Côte-Sainte-Catherine; Montreal; Canada,local,Montrealers,,1985 - 1998,"he says ""sainte catherine"" here; but it is clear he is talking about the cote rather than the downtown street since he is comparing streets in outremont"
2,2:40:51,1:18:47,Bernard Street; Montreal; Canada,local,Montrealers,,1985 - 1998,
2,2:40:56,1:18:52,Bernard Street; Montreal; Canada,local,Montrealers,,1985 - 1998,
2,2:40:58,1:18:54,Bernard Street; Montreal; Canada,local,Montrealers,,1985 - 1998,
2,2:41:24,1:19:20,Outremont; Montreal; Canada,local,Ceradieu,,1985 - 1998,
2,2:41:27,1:19:23,Outremont; Montreal; Canada,local,Ceradieu,,1985 - 1998,
2,2:41:37,1:19:33,Haiti,country,Ceradieu; Wife,,1971,
2,2:43:54,1:21:50,Montreal; Canada,city / area,Ceradieu; Jonathan,yes,2009,
2,2:45:01,1:22:57,Haiti,country,eldest son,,1973,
2,2:45:13,1:23:09,Montreal; Canada,city / area,Ceradieu's family,yes,2009,
2,2:45:18,1:23:14,Laval; Canada,city / area,eldest son,,2009,
2,2:45:21,1:23:17,Montreal; Canada,city / area,daughter,,2009,
2,2:45:26,1:23:22,Montreal; Canada,city / area,youngest son,,2009,
2,2:45:27,1:23:23,Haiti,country,Ceradieu; children,yes,1973 - 2009,
2,2:45:32,1:23:28,Haiti,country,wife; children,,1973 - 2009,
2,2:45:47,1:23:43,Haiti,country,Ceradieu; children,yes,1973 - 2009,
2,2:47:35,1:25:31,Montreal; Canada,city / area,Ceradieu,,2009,
2,2:47:36,1:25:32,Montreal; Canada,city / area,Ceradieu,yes,2009,
2,2:48:05,1:26:01,Montreal; Canada,city / area,Montrealers,,2009,
2,2:48:17,1:26:13,Montreal; Canada,city / area,Montrealers,,2009,
2,2:52:21,1:30:17,Haiti,country,Ceradieu's friends,,2009,
2,2:54:40,1:32:36,Longueuil; Canada,city / area,Ceradieu;  girlfriend,yes,2009,
2,2:54:46,1:32:42,Rosemont; Montreal; Canada,local,Ceradieu;  girlfriend,,1998 - 2003,
2,2:54:53,1:32:49,Longueuil; Canada,city / area,Ceradieu,,2003,
2,2:54:56,1:32:52,Longueuil; Canada,city / area,Ceradieu,,2003,
2,2:55:15,1:33:11,Montreal; Canada,city / area,Ceradieu,,2009,
2,2:55:38,1:33:34,Montreal; Canada,city / area,Ceradieu,,2009,
2,2:55:45,1:33:41,Longueuil; Canada,city / area,residents,,2009,
2,2:55:46,1:33:42,Saint-Hubert; Canada,city / area,residents,,2009,
2,2:55:52,1:33:48,Montreal; Canada,city / area,residents,,2009,
2,3:00:41,1:38:37,CIDIHCA; Montreal; Canada,very local,Jonathan; Ceradieu; Frantz,,2009,
2,3:01:54,1:39:50,Outremont; Montreal; Canada,local,Ceradieu,,1985 - 1998,
2,3:02:04,1:40:00,Outremont; Montreal; Canada,local,Ceradieu,,1985 - 1998,
2,3:02:04,1:40:00,Villeray; Montreal; Canada,local,Ceradieu,,1972 - 1985,
2,3:02:04,1:40:00,Outremont; Montreal; Canada,local,Ceradieu,,1985 - 1998,
2,3:02:21,1:40:17,Rosemont; Montreal; Canada,local,Ceradieu,,2003 - 2009,
2,3:02:23,1:40:19,Rosemont; Montreal; Canada,local,Ceradieu,,2003 - 2009,
2,3:03:04,1:41:00,Haiti,country,Ceradieu,yes,2009,
2,3:03:05,1:41:01,Montreal; Canada,city / area,Ceradieu,yes,2009,
2,3:03:06,1:41:02,Quebec; Canada,region,Ceradieu,yes,2009,
2,3:03:16,1:41:12,Haiti,country,Ceradieu,,2009,
2,3:03:18,1:41:14,Quebec; Canada,region,Ceradieu,,2009,
2,3:03:28,1:41:24,Haiti,country,Ceradieu,,2009,
2,3:03:31,1:41:27,Haiti,country,Ceradieu,,2009,
2,3:03:36,1:41:32,Quebec; Canada,region,Ceradieu,,2009,
2,3:04:11,1:42:07,Port-au-Prince; Haiti,city / area,Ceradieu,,2009,
2,3:04:16,1:42:12,Gonaives; Haiti,city / area,Ceradieu,,2009,
2,3:04:18,1:42:14,Gonaives; Haiti,city / area,Ceradieu,,2009,
2,3:04:39,1:42:35,Gonaives; Haiti,city / area,Ceradieu,,1966,
2,3:05:07,1:43:03,Port-au-Prince; Haiti,city / area,Ceradieu,,2009,
2,3:05:09,1:43:05,Port-au-Prince; Haiti,city / area,Ceradieu,,2009,
2,3:05:44,1:43:40,Port-au-Prince; Haiti,city / area,Ceradieu,,2009,
2,3:07:24,1:45:20,Haiti,country,Ceradieu,,2010,
2,3:07:46,1:45:42,Haiti,country,Ceradieu,,2010,
2,3:08:24,1:46:20,Port-au-Prince; Haiti,city / area,Ceradieu,,2009,
2,3:08:27,1:46:23,Jacmel; Haiti,city / area,Ceradieu,,2009,
2,3:08:37,1:46:33,Cap-Haitien; Haiti,city / area,,,2009,
2,3:09:09,1:47:05,Haiti,country,Ceradieu; Jonathan,yes,2009,
2,3:09:17,1:47:13,Haiti,country,Ceradieu; Jonathan,,2005,
2,3:12:25,1:50:21,Haiti,country,political militant comrade,,2005,
2,3:14:25,1:52:21,Afgahnistan,country,Jonathan's military friends,,2009,
2,3:16:22,1:54:18,Haiti,country,Ceradieu's friend,,1972 - 2009,
2,3:17:05,1:55:01,France,country,Ceradieu's friend,,1972 - 2009,
2,3:18:21,1:56:17,France,country,Ceradieu's goddaughter,,1972 - 2009,
2,3:18:28,1:56:24,Haiti,country,Ceradieu's goddaughter,,1972 - 2009,
2,3:18:36,1:56:32,France,country,Ceradieu's goddaughter,,1972 - 2009,
2,3:19:24,1:57:20,Haiti,country,painting,,1972 - 2009,
2,3:19:34,1:57:30,Haiti,country,painting,,1972 - 2009,
