agg_su_id,id,su_num,place,scale_order,time_start,time_end,time_length,num_minutes,mention_freq,mention_index,mention_places,mention_match_freq,mention_match_index,mention_match_places,mention_match_time_index,mention_first_match_time,mention_first_match_time_ratio,mention_coarser_match_freq,mention_coarser_match_index,mention_coarser_match_places,mention_finer_match_freq,mention_finer_match_index,mention_finer_match_places
1,1,1,"Marchand Dessalines, Haiti",4,1/1/1900 0:00,1/1/1900 0:00,"['00', '00', '30']",0.5,1,;1,";Marchand Dessalines, Haiti",1,;1,";Marchand Dessalines, Haiti",;0 days 00:00:16,0 days 00:00:16,0.533333333,0,,,0,,
2,2.0;3.0;4.0,2.0;3.0;4.0,"Gonaives, Haiti",4,1/1/1900 0:00,1/1/1900 0:01,"['00', '00', '40']",0.666666667,3,;2;3;4,";Gonaives, Haiti;Gonaives, Haiti;Gonaives, Haiti",3,;2;3;4,";Gonaives, Haiti;Gonaives, Haiti;Gonaives, Haiti",;0 days 00:00:00;0 days 00:00:11;0 days 00:00:27,0 days 00:00:00,0,0,,,0,,
5,5,5,Haiti,6,1/1/1900 0:01,1/1/1900 0:01,"['00', '00', '04']",0.066666667,1,;5,;Haiti,1,;5,;Haiti,;0 days 00:00:02,0 days 00:00:02,0.5,0,,,0,,
6,6,6,"Marchand Dessalines, Haiti",4,1/1/1900 0:01,1/1/1900 0:02,"['00', '00', '52']",0.866666667,0,,,0,,,,0,0,0,,,0,,
7,7,7,_end,8,1/1/1900 0:02,1/1/1900 0:02,"['00', '00', '08']",0.133333333,0,,,0,,,,0,0,0,,,0,,
8,8.0;9.0,8.0;9.0,"Marchand Dessalines, Haiti",4,1/1/1900 0:02,1/1/1900 0:03,"['00', '00', '51']",0.85,2,;6;7,";Haiti;Gonaives, Haiti",0,,,,0,0,1,;6,;Haiti,0,,
10,10,10,_end,8,1/1/1900 0:03,1/1/1900 0:03,"['00', '00', '01']",0.016666667,0,,,0,,,,0,0,0,,,0,,
11,11,11,"Marchand Dessalines, Haiti",4,1/1/1900 0:03,1/1/1900 0:03,"['00', '00', '20']",0.333333333,0,,,0,,,,0,0,0,,,0,,
12,12,12,Canada,6,1/1/1900 0:03,1/1/1900 0:03,"['00', '00', '02']",0.033333333,1,;8,;Haiti,0,,,,0,0,0,,,0,,
13,13,nan,Haiti,6,1/1/1900 0:03,1/1/1900 0:03,"['00', '00', '02']",0.033333333,1,;8,;Haiti,1,;8,;Haiti,;0 days 00:00:00,0 days 00:00:00,0,0,,,0,,
14,14,13,"Montreal, Canada",4,1/1/1900 0:03,1/1/1900 0:03,"['00', '00', '15']",0.25,3,;9;10;11,;USA;France;Haiti,0,,,,0,0,0,,,0,,
15,15,nan,USA,6,1/1/1900 0:03,1/1/1900 0:03,"['00', '00', '15']",0.25,3,;9;10;11,;USA;France;Haiti,1,;9,;USA,;0 days 00:00:05,0 days 00:00:05,0.333333333,0,,,0,,
16,16,nan,France,6,1/1/1900 0:03,1/1/1900 0:03,"['00', '00', '15']",0.25,3,;9;10;11,;USA;France;Haiti,1,;10,;France,;0 days 00:00:10,0 days 00:00:10,0.666666667,0,,,0,,
17,17.0;18.0,nan;14.0,Haiti,6,1/1/1900 0:03,1/1/1900 0:04,"['00', '00', '45']",0.75,4,;9;10;11;12,;USA;France;Haiti;Haiti,2,;11;12,;Haiti;Haiti,;0 days 00:00:13;0 days 00:00:30,0 days 00:00:13,0.288888889,0,,,0,,
19,19,15,"Gonaives, Haiti",4,1/1/1900 0:04,1/1/1900 0:05,"['00', '01', '11']",1.183333333,2,;13;14,";Artibonite, Haiti;Artibonite, Haiti",0,,,,0,0,0,,,0,,
20,20,16,_end,8,1/1/1900 0:05,1/1/1900 0:05,"['00', '00', '03']",0.05,0,,,0,,,,0,0,0,,,0,,
21,21,17,Haiti,6,1/1/1900 0:05,1/1/1900 0:06,"['00', '00', '38']",0.633333333,0,,,0,,,,0,0,0,,,0,,
22,22,18,"Gonaives, Haiti",4,1/1/1900 0:06,1/1/1900 0:06,"['00', '00', '06']",0.1,2,;15;16,";Gonaives, Haiti;Port-au-Prince, Haiti",1,;15,";Gonaives, Haiti",;0 days 00:00:03,0 days 00:00:03,0.5,0,,,0,,
23,23,nan,"Port-au-Prince, Haiti",4,1/1/1900 0:06,1/1/1900 0:06,"['00', '00', '06']",0.1,2,;15;16,";Gonaives, Haiti;Port-au-Prince, Haiti",1,;16,";Port-au-Prince, Haiti",;0 days 00:00:04,0 days 00:00:04,0.666666667,0,,,0,,
24,24,19,"Gonaives, Haiti",4,1/1/1900 0:06,1/1/1900 0:06,"['00', '00', '03']",0.05,2,;17;18,";Gonaives, Haiti;Gonaives, Haiti",2,;17;18,";Gonaives, Haiti;Gonaives, Haiti",;0 days 00:00:00;0 days 00:00:02,0 days 00:00:00,0,0,,,0,,
25,25,20,_end,8,1/1/1900 0:06,1/1/1900 0:06,"['00', '00', '04']",0.066666667,0,,,0,,,,0,0,0,,,0,,
26,26,21,Haiti,6,1/1/1900 0:06,1/1/1900 0:06,"['00', '00', '09']",0.15,1,;19,;Haiti,1,;19,;Haiti,;0 days 00:00:02,0 days 00:00:02,0.222222222,0,,,0,,
27,27,22,_end,8,1/1/1900 0:06,1/1/1900 0:06,"['00', '00', '03']",0.05,0,,,0,,,,0,0,0,,,0,,
28,28,23,"Port-au-Prince, Haiti",4,1/1/1900 0:06,1/1/1900 0:06,"['00', '00', '10']",0.166666667,1,;20,";Port-au-Prince, Haiti",1,;20,";Port-au-Prince, Haiti",;0 days 00:00:02,0 days 00:00:02,0.2,0,,,0,,
29,29,24,"Gonaives, Haiti",4,1/1/1900 0:06,1/1/1900 0:07,"['00', '00', '21']",0.35,1,;21,";Port-au-Prince, Haiti",0,,,,0,0,0,,,0,,
30,30,25,_end,8,1/1/1900 0:07,1/1/1900 0:07,"['00', '00', '09']",0.15,0,,,0,,,,0,0,0,,,0,,
31,31.0;32.0;33.0;34.0,26.0;27.0;28.0;29.0,"Gonaives, Haiti",4,1/1/1900 0:07,1/1/1900 0:08,"['00', '01', '48']",1.8,5,;22;23;24;25;26,";Gonaives, Haiti;Bassin, Artibonite, Haiti;Artibonite, Haiti;Artibonite, Haiti;Port-au-Prince, Haiti",1,;22,";Gonaives, Haiti",;0 days 00:00:34,0 days 00:00:34,0.314814815,0,,,0,,
35,35,nan,"Port-au-Prince, Haiti",4,1/1/1900 0:08,1/1/1900 0:08,"['00', '00', '08']",0.133333333,1,;26,";Port-au-Prince, Haiti",1,;26,";Port-au-Prince, Haiti",;0 days 00:00:02,0 days 00:00:02,0.25,0,,,0,,
36,36,30,"Artibonite, Haiti",5,1/1/1900 0:08,1/1/1900 0:09,"['00', '00', '41']",0.683333333,1,;27,";Port-au-Prince, Haiti",0,,,,0,0,0,,,0,,
37,37.0;38.0,31.0;32.0,"Port-au-Prince, Haiti",4,1/1/1900 0:09,1/1/1900 0:11,"['00', '01', '21']",1.35,2,;28;29,";Port-au-Prince, Haiti;Port-au-Prince, Haiti",2,;28;29,";Port-au-Prince, Haiti;Port-au-Prince, Haiti",;0 days 00:00:03;0 days 00:00:04,0 days 00:00:03,0.037037037,0,,,0,,
39,39,33,"Casernes Dessalines, Port-au-Prince, Haiti",2,1/1/1900 0:11,1/1/1900 0:11,"['00', '00', '33']",0.55,5,;30;31;32;33;34,";Pénitentier National, Port-au-Prince, Haiti;Fort-Dimanche, Haiti;National Palace, Port-au-Prince, Haiti;Casernes Dessalines, Port-au-Prince, Haiti;Casernes Dessalines, Port-au-Prince, Haiti",2,;33;34,";Casernes Dessalines, Port-au-Prince, Haiti;Casernes Dessalines, Port-au-Prince, Haiti",;0 days 00:00:08;0 days 00:00:09,0 days 00:00:08,0.242424242,0,,,0,,
40,40,34,"Dessalines, Haiti",4,1/1/1900 0:11,1/1/1900 0:12,"['00', '00', '37']",0.616666667,3,;35;36;37,";Le Maquis, Haiti;Le Maquis, Haiti;Le Maquis, Haiti",0,,,,0,0,0,,,0,,
41,41,35,"Gonaives, Haiti",4,1/1/1900 0:12,1/1/1900 0:12,"['00', '00', '33']",0.55,3,;38;39;40,";Gonaives, Haiti;Gonaives, Haiti;Gonaives, Haiti",3,;38;39;40,";Gonaives, Haiti;Gonaives, Haiti;Gonaives, Haiti",;0 days 00:00:03;0 days 00:00:07;0 days 00:00:12,0 days 00:00:03,0.090909091,0,,,0,,
42,42,36,"Dessalines, Haiti",4,1/1/1900 0:12,1/1/1900 0:12,"['00', '00', '15']",0.25,0,,,0,,,,0,0,0,,,0,,
43,43,37,"Gonaives, Haiti",4,1/1/1900 0:12,1/1/1900 0:13,"['00', '00', '05']",0.083333333,2,;41;42,";Gonaives, Haiti;Gonaives, Haiti",2,;41;42,";Gonaives, Haiti;Gonaives, Haiti",;0 days 00:00:00;0 days 00:00:04,0 days 00:00:00,0,0,,,0,,
44,44.0;45.0;46.0,38.0;39.0;40.0,_end,8,1/1/1900 0:13,1/1/1900 0:13,"['00', '00', '27']",0.45,0,,,0,,,,0,0,0,,,0,,
47,47.0;48.0;49.0;50.0,41.0;42.0;43.0;44.0,"Gonaives, Haiti",4,1/1/1900 0:13,1/1/1900 0:15,"['00', '01', '30']",1.5,4,;43;44;45;46,";Gonaives, Haiti;Gonaives, Haiti;Gonaives, Haiti;Port-au-Prince, Haiti",3,;43;44;45,";Gonaives, Haiti;Gonaives, Haiti;Gonaives, Haiti",;0 days 00:00:38;0 days 00:00:42;0 days 00:00:48,0 days 00:00:38,0.422222222,0,,,0,,
51,51,45,"Marchand Dessalines, Haiti",4,1/1/1900 0:15,1/1/1900 0:15,"['00', '00', '05']",0.083333333,0,,,0,,,,0,0,0,,,0,,
52,52.0;53.0;54.0,46.0;47.0;48.0,"Gonaives, Haiti",4,1/1/1900 0:15,1/1/1900 0:16,"['00', '00', '58']",0.966666667,1,;47,";Gonaives, Haiti",1,;47,";Gonaives, Haiti",;0 days 00:00:20,0 days 00:00:20,0.344827586,0,,,0,,
55,55,49,_end,8,1/1/1900 0:16,1/1/1900 0:16,"['00', '00', '11']",0.183333333,2,;48;49,";Gonaives, Haiti;Gonaives, Haiti",0,,,,0,0,0,,,0,,
56,56.0;57.0;58.0;59.0,50.0;51.0;52.0;53.0,"Saint-Marc, Haiti",4,1/1/1900 0:16,1/1/1900 0:18,"['00', '02', '08']",2.133333333,5,;50;51;52;53;54,";Saint-Marc, Haiti;Saint-Marc, Haiti;Gonaives, Haiti;Saint-Marc, Haiti;Gonaives, Haiti",3,;50;51;53,";Saint-Marc, Haiti;Saint-Marc, Haiti;Saint-Marc, Haiti",;0 days 00:00:04;0 days 00:00:10;0 days 00:00:47,0 days 00:00:04,0.03125,0,,,0,,
60,60,54,"Saint-Marc, Haiti; Gonaives Prison, Gonaives, Haiti",1,1/1/1900 0:18,1/1/1900 0:19,"['00', '00', '46']",0.766666667,3,;55;56;57,";Gonaives, Haiti;Gonaives Prison, Gonaives, Haiti;Gonaives Prison, Gonaives, Haiti",0,,,,0,0,3,;55;56;57,";Gonaives, Haiti;Gonaives Prison, Gonaives, Haiti;Gonaives Prison, Gonaives, Haiti",0,,
62,62,56,"Prison, Saint-Marc, Artibonite, Haiti",2,1/1/1900 0:19,1/1/1900 0:20,"['00', '01', '20']",1.333333333,12,;58;59;60;61;62;63;64;65;66;67;68;69,";Saint-Marc, Haiti;Saint-Marc, Haiti;Gonaives, Haiti;Saint-Marc, Haiti;Gonaives, Haiti;Cap-Haitien, Haiti;Petite Rivière de l'Artibonite, Haiti;Verrettes, Haiti;Verrettes, Haiti;Desarmes, Haiti;La Chapelle, Haiti;Saint-Marc, Haiti",0,,,,0,0,0,,,0,,
63,63.0;64.0,57.0;58.0,"Artibonite, Haiti",5,1/1/1900 0:20,1/1/1900 0:21,"['00', '00', '38']",0.633333333,2,;70;71,";Artibonite, Haiti;Saint-Marc, Haiti",1,;70,";Artibonite, Haiti",;0 days 00:00:17,0 days 00:00:17,0.447368421,0,,,0,,
65,65,59,_end,8,1/1/1900 0:21,1/1/1900 0:21,"['00', '00', '07']",0.116666667,1,;72,";Montreal, Canada",0,,,,0,0,0,,,0,,
66,66,60,Haiti,6,1/1/1900 0:21,1/1/1900 0:22,"['00', '01', '23']",1.383333333,6,;73;74;75;76;77;78,";Montreal, Canada;Université de Montréal, Montreal, Canada;Montreal, Canada;Haiti;Canada;Université de Montréal, Montreal, Canada",1,;76,;Haiti,;0 days 00:00:54,0 days 00:00:54,0.65060241,0,,,0,,
67,67,nan,"Montreal, Canada",4,1/1/1900 0:21,1/1/1900 0:22,"['00', '01', '23']",1.383333333,6,;73;74;75;76;77;78,";Montreal, Canada;Université de Montréal, Montreal, Canada;Montreal, Canada;Haiti;Canada;Université de Montréal, Montreal, Canada",2,;73;75,";Montreal, Canada;Montreal, Canada",;0 days 00:00:00;0 days 00:00:50,0 days 00:00:00,0,1,;77,;Canada,2,;74;78,";Université de Montréal, Montreal, Canada;Université de Montréal, Montreal, Canada"
68,68.0;69.0,61.0;62.0,Canada,6,1/1/1900 0:22,1/1/1900 0:23,"['00', '01', '14']",1.233333333,0,,,0,,,,0,0,0,,,0,,
70,70,63,"Université de Montréal, Montreal, Canada",2,1/1/1900 0:23,1/1/1900 0:23,"['00', '00', '01']",0.016666667,1,;79,";Université de Montréal, Montreal, Canada",1,;79,";Université de Montréal, Montreal, Canada",;0 days 00:00:00,0 days 00:00:00,0,0,,,0,,
71,71.0;72.0;73.0,64.0;65.0;66.0,"Montreal, Canada",4,1/1/1900 0:23,1/1/1900 0:24,"['00', '00', '44']",0.733333333,2,;80;81,";Montreal, Canada;Montreal, Canada",2,;80;81,";Montreal, Canada;Montreal, Canada",;0 days 00:00:18;0 days 00:00:20,0 days 00:00:18,0.409090909,0,,,0,,
74,74,67,_end,8,1/1/1900 0:24,1/1/1900 0:24,"['00', '00', '12']",0.2,0,,,0,,,,0,0,0,,,0,,
75,75.0;76.0;77.0,68.0;69.0;70.0,"Gonaives, Haiti",4,1/1/1900 0:24,1/1/1900 0:28,"['00', '04', '12']",4.2,5,;82;83;84;85;86,";Gonaives, Haiti;Gonaives, Haiti;Gonaives, Haiti;Gonaives, Haiti;Gonaives, Haiti",5,;82;83;84;85;86,";Gonaives, Haiti;Gonaives, Haiti;Gonaives, Haiti;Gonaives, Haiti;Gonaives, Haiti",;0 days 00:02:25;0 days 00:02:59;0 days 00:03:16;0 days 00:03:32;0 days 00:03:56,0 days 00:02:25,0.575396825,0,,,0,,
78,78,71,_end,8,1/1/1900 0:28,1/1/1900 0:30,"['00', '01', '11']",1.183333333,0,,,0,,,,0,0,0,,,0,,
79,79,72,"Middle School Jean Jacques Dessalines, Gonaives, Haiti",2,1/1/1900 0:30,1/1/1900 0:31,"['00', '01', '12']",1.2,3,;87;88;89,";Middle School Jean Jacques Dessalines, Gonaives, Haiti;Middle School Jean Jacques Dessalines, Gonaives, Haiti;Haiti",2,;87;88,";Middle School Jean Jacques Dessalines, Gonaives, Haiti;Middle School Jean Jacques Dessalines, Gonaives, Haiti",;0 days 00:00:18;0 days 00:00:20,0 days 00:00:18,0.25,1,;89,;Haiti,0,,
80,80,73,"Port-au-Prince, Haiti",4,1/1/1900 0:31,1/1/1900 0:31,"['00', '00', '10']",0.166666667,3,;90;91;92,";Port-au-Prince, Haiti;Port-au-Prince, Haiti;Port-au-Prince, Haiti",3,;90;91;92,";Port-au-Prince, Haiti;Port-au-Prince, Haiti;Port-au-Prince, Haiti",;0 days 00:00:03;0 days 00:00:04;0 days 00:00:05,0 days 00:00:03,0.3,0,,,0,,
81,81,nan,"Gonaives, Haiti",4,1/1/1900 0:31,1/1/1900 0:31,"['00', '00', '10']",0.166666667,3,;90;91;92,";Port-au-Prince, Haiti;Port-au-Prince, Haiti;Port-au-Prince, Haiti",0,,,,0,0,0,,,0,,
82,82,74,Haiti,6,1/1/1900 0:31,1/1/1900 0:32,"['00', '00', '35']",0.583333333,1,;93,";Port-au-Prince, Haiti",0,,,,0,0,0,,,1,;93,";Port-au-Prince, Haiti"
83,83,75,"National Palace, Port-au-Prince, Haiti",2,1/1/1900 0:32,1/1/1900 0:33,"['00', '00', '53']",0.883333333,7,;94;95;96;97;98;99;100,";National Palace, Port-au-Prince, Haiti;Haiti;National Palace, Port-au-Prince, Haiti;Gonaives, Haiti;National Palace, Port-au-Prince, Haiti;National Palace, Port-au-Prince, Haiti;Artibonite, Haiti",4,;94;96;98;99,";National Palace, Port-au-Prince, Haiti;National Palace, Port-au-Prince, Haiti;National Palace, Port-au-Prince, Haiti;National Palace, Port-au-Prince, Haiti",;0 days 00:00:04;0 days 00:00:16;0 days 00:00:27;0 days 00:00:33,0 days 00:00:04,0.075471698,1,;95,;Haiti,0,,
84,84.0;85.0,76.0;77.0,"Artibonite, Haiti",5,1/1/1900 0:33,1/1/1900 0:33,"['00', '00', '25']",0.416666667,2,;101;102,";Artibonite, Haiti;Artibonite, Haiti",2,;101;102,";Artibonite, Haiti;Artibonite, Haiti",;0 days 00:00:06;0 days 00:00:10,0 days 00:00:06,0.24,0,,,0,,
86,86,78,"Gonaives, Haiti",4,1/1/1900 0:33,1/1/1900 0:33,"['00', '00', '04']",0.066666667,1,;103,";Gonaives, Haiti",1,;103,";Gonaives, Haiti",;0 days 00:00:00,0 days 00:00:00,0,0,,,0,,
87,87.0;88.0;89.0,79.0;80.0;81.0,"Artibonite, Haiti",5,1/1/1900 0:33,1/1/1900 0:34,"['00', '01', '21']",1.35,1,;104,";Plaine de Gonaive, Haiti",0,,,,0,0,0,,,0,,
90,90,82,_end,8,1/1/1900 0:34,1/1/1900 0:34,"['00', '00', '04']",0.066666667,0,,,0,,,,0,0,0,,,0,,
91,91,83,"Gonaives, Haiti; Casernes Dessalines, Port-au-Prince, Haiti",1,1/1/1900 0:34,1/1/1900 0:36,"['00', '01', '23']",1.383333333,2,;105;106,";Gonaives, Haiti;Casernes Dessalines, Port-au-Prince, Haiti",0,,,,0,0,2,;105;106,";Gonaives, Haiti;Casernes Dessalines, Port-au-Prince, Haiti",0,,
93,93,85,"Gonaives, Haiti",4,1/1/1900 0:36,1/1/1900 0:36,"['00', '00', '31']",0.516666667,1,;107,";Ecole Normale Superieure, Port-au-Prince, Haiti",0,,,,0,0,0,,,0,,
94,94,86,"Casernes Dessalines, Port-au-Prince, Haiti; Saint-Marc, Haiti",1,1/1/1900 0:36,1/1/1900 0:38,"['00', '02', '02']",2.033333333,3,;108;109;110,";Saint-Marc, Haiti;Saint-Marc, Haiti;Saint-Marc, Haiti",0,,,,0,0,3,;108;109;110,";Saint-Marc, Haiti;Saint-Marc, Haiti;Saint-Marc, Haiti",0,,
96,96.0;97.0,88.0;89.0,"Gonaives, Haiti",4,1/1/1900 0:38,1/1/1900 0:39,"['00', '00', '49']",0.816666667,3,;111;112;113,";Gonaives, Haiti;Gonaives, Haiti;Gonaives, Haiti",3,;111;112;113,";Gonaives, Haiti;Gonaives, Haiti;Gonaives, Haiti",;0 days 00:00:04;0 days 00:00:06;0 days 00:00:48,0 days 00:00:04,0.081632653,0,,,0,,
98,98,90,"Saint-Marc, Haiti",4,1/1/1900 0:39,1/1/1900 0:39,"['00', '00', '07']",0.116666667,1,;114,";Saint-Marc, Haiti",1,;114,";Saint-Marc, Haiti",;0 days 00:00:00,0 days 00:00:00,0,0,,,0,,
99,99.0;100.0;101.0;102.0;103.0;104.0;105.0;106.0;107.0;108.0;109.0;110.0;111.0;112.0;113.0;114.0,91.0;92.0;93.0;94.0;95.0;96.0;97.0;98.0;99.0;100.0;101.0;102.0;103.0;104.0;105.0;106.0,"Prison, Saint-Marc, Artibonite, Haiti",2,1/1/1900 0:39,1/1/1900 0:50,"['00', '10', '28']",10.46666667,15,;115;116;117;118;119;120;121;122;123;124;125;126;127;128;129,";Cap-Haitien, Haiti;Cap-Haitien, Haiti;Petite Rivière de l'Artibonite, Haiti;La Chapelle, Haiti;Verrettes, Haiti;Saint-Marc, Haiti;Cap-Haitien, Haiti;Saint-Marc, Haiti;Prison, Saint-Marc, Artibonite, Haiti;Gonaives, Haiti;Gonaives, Haiti;Gonaives, Haiti;Gonaives, Haiti;Artibonite, Haiti;Prison, Saint-Marc, Artibonite, Haiti",2,;123;129,";Prison, Saint-Marc, Artibonite, Haiti;Prison, Saint-Marc, Artibonite, Haiti",;0 days 00:04:21;0 days 00:08:01,0 days 00:04:21,0.415605096,1,;128,";Artibonite, Haiti",0,,
115,115,107,"Saint-Marc, Haiti",4,1/1/1900 0:50,1/1/1900 0:50,"['00', '00', '18']",0.3,1,;130,";Saint-Marc, Haiti",1,;130,";Saint-Marc, Haiti",;0 days 00:00:16,0 days 00:00:16,0.888888889,0,,,0,,
116,116,108,"Martissant, Port-au-Prince, Haiti",3,1/1/1900 0:50,1/1/1900 0:51,"['00', '00', '43']",0.716666667,5,;131;132;133;134;135,";Saint-Marc, Haiti;Carrefour Feuilles, Port-au-Prince, Haiti;Martissant, Port-au-Prince, Haiti;Fontamara, Port-au-Prince, Haiti;Martissant, Port-au-Prince, Haiti",2,;133;135,";Martissant, Port-au-Prince, Haiti;Martissant, Port-au-Prince, Haiti",;0 days 00:00:19;0 days 00:00:20,0 days 00:00:19,0.441860465,0,,,0,,
117,117,109,"Morne Canot, Haiti",3,1/1/1900 0:51,1/1/1900 0:53,"['00', '01', '55']",1.916666667,5,;136;137;138;139;140,";Morne Canot, Haiti;Morne Canot, Haiti;Petite Rivière de l'Artibonite, Haiti;Petite Rivière de l'Artibonite, Haiti;Morne Canot, Haiti",3,;136;137;140,";Morne Canot, Haiti;Morne Canot, Haiti;Morne Canot, Haiti",;0 days 00:00:16;0 days 00:00:17;0 days 00:01:51,0 days 00:00:16,0.139130435,0,,,0,,
118,118,110,"Prison, Saint-Marc, Artibonite, Haiti",2,1/1/1900 0:53,1/1/1900 0:53,"['00', '00', '30']",0.5,1,;141,";Saint-Marc, Haiti",0,,,,0,0,0,,,0,,
119,119,111,Haiti,6,1/1/1900 0:53,1/1/1900 0:54,"['00', '00', '24']",0.4,0,,,0,,,,0,0,0,,,0,,
120,120,112,_end,8,1/1/1900 0:54,1/1/1900 0:54,"['00', '00', '02']",0.033333333,0,,,0,,,,0,0,0,,,0,,
121,121,113,"Prison, Saint-Marc, Artibonite, Haiti",2,1/1/1900 0:54,1/1/1900 0:54,"['00', '00', '22']",0.366666667,0,,,0,,,,0,0,0,,,0,,
122,122,114,_end,8,1/1/1900 0:54,1/1/1900 0:54,"['00', '00', '02']",0.033333333,0,,,0,,,,0,0,0,,,0,,
123,123,115,"Prison, Saint-Marc, Artibonite, Haiti",2,1/1/1900 0:54,1/1/1900 0:54,"['00', '00', '10']",0.166666667,0,,,0,,,,0,0,0,,,0,,
124,124,116,"Port-au-Prince, Haiti",4,1/1/1900 0:54,1/1/1900 0:54,"['00', '00', '03']",0.05,1,;142,";Port-au-Prince, Haiti",1,;142,";Port-au-Prince, Haiti",;0 days 00:00:02,0 days 00:00:02,0.666666667,0,,,0,,
125,125,117,"Prison, Saint-Marc, Artibonite, Haiti",2,1/1/1900 0:54,1/1/1900 0:55,"['00', '00', '20']",0.333333333,1,;143,";Saint-Marc, Haiti",0,,,,0,0,0,,,0,,
126,126,118,_end,8,1/1/1900 0:55,1/1/1900 0:55,"['00', '00', '02']",0.033333333,0,,,0,,,,0,0,0,,,0,,
127,127,119,Cuba,6,1/1/1900 0:55,1/1/1900 0:55,"['00', '00', '27']",0.45,1,;144,;Cuba,1,;144,;Cuba,;0 days 00:00:11,0 days 00:00:11,0.407407407,0,,,0,,
128,128.0;129.0;130.0;131.0,120.0;121.0;122.0;123.0,"Prison, Saint-Marc, Artibonite, Haiti",2,1/1/1900 0:55,1/1/1900 1:00,"['00', '04', '50']",4.833333333,8,;145;146;147;148;149;150;151;152,";Gonaives, Haiti;La Chapelle, Haiti;Saint-Marc, Haiti;Port-au-Prince, Haiti;Port-au-Prince, Haiti;Port-au-Prince, Haiti;Port-au-Prince, Haiti;Artibonite, Haiti",0,,,,0,0,1,;152,";Artibonite, Haiti",0,,
132,132,124,_end,8,1/1/1900 1:00,1/1/1900 1:00,"['00', '00', '03']",0.05,0,,,0,,,,0,0,0,,,0,,
133,133,125,"Saint-Marc, Haiti",4,1/1/1900 1:00,1/1/1900 1:00,"['00', '00', '12']",0.2,0,,,0,,,,0,0,0,,,0,,
134,134,126,"Gonaives, Haiti",4,1/1/1900 1:00,1/1/1900 1:00,"['00', '00', '02']",0.033333333,0,,,0,,,,0,0,0,,,0,,
135,135,127,"Saint-Marc, Haiti",4,1/1/1900 1:00,1/1/1900 1:00,"['00', '00', '08']",0.133333333,1,;153,";Gonaives, Haiti",0,,,,0,0,0,,,0,,
136,136,128,"Marchand Dessalines, Haiti",4,1/1/1900 1:00,1/1/1900 1:00,"['00', '00', '11']",0.183333333,0,,,0,,,,0,0,0,,,0,,
137,137.0;138.0,129.0;130.0,"Gonaives, Haiti",4,1/1/1900 1:00,1/1/1900 1:01,"['00', '00', '12']",0.2,3,;154;155;156,";Gonaives, Haiti;Gonaives, Haiti;Port-au-Prince, Haiti",2,;154;155,";Gonaives, Haiti;Gonaives, Haiti",;0 days 00:00:00;0 days 00:00:07,0 days 00:00:00,0,0,,,0,,
139,139,131,"Port-au-Prince, Haiti",4,1/1/1900 1:01,1/1/1900 1:01,"['00', '00', '10']",0.166666667,0,,,0,,,,0,0,0,,,0,,
140,140.0;141.0,132.0;133.0,Haiti,6,1/1/1900 1:01,1/1/1900 1:01,"['00', '00', '31']",0.516666667,0,,,0,,,,0,0,0,,,0,,
142,142,134,Canada,6,1/1/1900 1:01,1/1/1900 1:01,"['00', '00', '05']",0.083333333,1,;157,;Canada,1,;157,;Canada,;0 days 00:00:00,0 days 00:00:00,0,0,,,0,,
143,143,135,"Montreal, Canada",4,1/1/1900 1:01,1/1/1900 1:03,"['00', '01', '19']",1.316666667,0,,,0,,,,0,0,0,,,0,,
144,144,136,_end,8,1/1/1900 1:03,1/1/1900 1:03,"['00', '00', '06']",0.1,0,,,0,,,,0,0,0,,,0,,
145,145,137,Canada,6,1/1/1900 1:03,1/1/1900 1:04,"['00', '00', '43']",0.716666667,0,,,0,,,,0,0,0,,,0,,
146,146,138,_end,8,1/1/1900 1:04,1/1/1900 1:04,"['00', '00', '03']",0.05,0,,,0,,,,0,0,0,,,0,,
147,147,139,"Montreal, Canada",4,1/1/1900 1:04,1/1/1900 1:04,"['00', '00', '47']",0.783333333,4,;158;159;160;161,";Saint Paul Street, Montreal, Canada;William Street, Montreal, Canada;William Street, Montreal, Canada;Victoria Square Station, Montreal, Canada",0,,,,0,0,0,,,4,;158;159;160;161,";Saint Paul Street, Montreal, Canada;William Street, Montreal, Canada;William Street, Montreal, Canada;Victoria Square Station, Montreal, Canada"
148,148,140,"BCHM, Montreal, Canada",2,1/1/1900 1:04,1/1/1900 1:05,"['00', '00', '10']",0.166666667,2,;162;163,";BCHM, Montreal, Canada;Maison d'Haiti, Montreal, Canada",1,;162,";BCHM, Montreal, Canada",;0 days 00:00:05,0 days 00:00:05,0.5,0,,,0,,
149,149.0;150.0,nan;141.0,"Maison d'Haiti, Montreal, Canada",2,1/1/1900 1:04,1/1/1900 1:05,"['00', '01', '04']",1.066666667,9,;162;163;164;165;166;167;168;169;170,";BCHM, Montreal, Canada;Maison d'Haiti, Montreal, Canada;Maison d'Haiti, Montreal, Canada;Maison d'Haiti, Montreal, Canada;Maison d'Haiti, Montreal, Canada;BCHM, Montreal, Canada;Maison d'Haiti, Montreal, Canada;Maison d'Haiti, Montreal, Canada;BCHM, Montreal, Canada",6,;163;164;165;166;168;169,";Maison d'Haiti, Montreal, Canada;Maison d'Haiti, Montreal, Canada;Maison d'Haiti, Montreal, Canada;Maison d'Haiti, Montreal, Canada;Maison d'Haiti, Montreal, Canada;Maison d'Haiti, Montreal, Canada",;0 days 00:00:09;0 days 00:00:11;0 days 00:00:23;0 days 00:00:29;0 days 00:00:40;0 days 00:00:45,0 days 00:00:09,0.140625,0,,,0,,
151,151.0;152.0,142.0;143.0,"Montreal, Canada",4,1/1/1900 1:05,1/1/1900 1:06,"['00', '00', '10']",0.166666667,0,,,0,,,,0,0,0,,,0,,
153,153,144,_end,8,1/1/1900 1:06,1/1/1900 1:06,"['00', '00', '08']",0.133333333,0,,,0,,,,0,0,0,,,0,,
154,154,145,"Montreal, Canada",4,1/1/1900 1:06,1/1/1900 1:06,"['00', '00', '11']",0.183333333,0,,,0,,,,0,0,0,,,0,,
155,155,146,_end,8,1/1/1900 1:06,1/1/1900 1:06,"['00', '00', '02']",0.033333333,0,,,0,,,,0,0,0,,,0,,
156,156,147,"Port-au-Prince, Haiti",4,1/1/1900 1:06,1/1/1900 1:06,"['00', '00', '11']",0.183333333,0,,,0,,,,0,0,0,,,0,,
157,157,148,_end,8,1/1/1900 1:06,1/1/1900 1:06,"['00', '00', '02']",0.033333333,0,,,0,,,,0,0,0,,,0,,
158,158,149,"Gonaives, Haiti",4,1/1/1900 1:06,1/1/1900 1:06,"['00', '00', '11']",0.183333333,2,;171;172,";Gonaives, Haiti;Gonaives, Haiti",2,;171;172,";Gonaives, Haiti;Gonaives, Haiti",;0 days 00:00:00;0 days 00:00:08,0 days 00:00:00,0,0,,,0,,
159,159,150,"Montreal, Canada",4,1/1/1900 1:06,1/1/1900 1:06,"['00', '00', '04']",0.066666667,1,;173,";Montreal, Canada",1,;173,";Montreal, Canada",;0 days 00:00:02,0 days 00:00:02,0.5,0,,,0,,
160,160,151,"Longueuil, Canada",4,1/1/1900 1:06,1/1/1900 1:07,"['00', '00', '07']",0.116666667,2,;174;175,";Longueuil, Canada;Longueuil, Canada",2,;174;175,";Longueuil, Canada;Longueuil, Canada",;0 days 00:00:01;0 days 00:00:04,0 days 00:00:01,0.142857143,0,,,0,,
161,161,152,"Villeray, Montreal, Canada; Outremont, Montreal, Canada; Rosemont, Montreal, Canada; Longueuil, Canada",1,1/1/1900 1:07,1/1/1900 1:07,"['00', '00', '42']",0.7,5,;176;177;178;179;180,";Villeray, Montreal, Canada;Outremont, Montreal, Canada;Outremont, Montreal, Canada;Rosemont, Montreal, Canada;Longueuil, Canada",0,,,,0,0,5,;176;177;178;179;180,";Villeray, Montreal, Canada;Outremont, Montreal, Canada;Outremont, Montreal, Canada;Rosemont, Montreal, Canada;Longueuil, Canada",0,,
165,165.0;166.0;167.0;168.0,156.0;157.0;158.0;159.0,"Montreal, Canada",4,1/1/1900 1:07,1/1/1900 1:10,"['00', '02', '22']",2.366666667,5,;181;182;183;184;185,";Montreal, Canada;Montreal, Canada;Pierre Elliott Trudeau International Airport, Montreal, Canada;Dorval, Montreal, Canada;Montreal, Canada",3,;181;182;185,";Montreal, Canada;Montreal, Canada;Montreal, Canada",;0 days 00:00:19;0 days 00:00:42;0 days 00:01:57,0 days 00:00:19,0.133802817,0,,,2,;183;184,";Pierre Elliott Trudeau International Airport, Montreal, Canada;Dorval, Montreal, Canada"
169,169.0;170.0,160.0;161.0,Haiti,6,1/1/1900 1:10,1/1/1900 1:10,"['00', '00', '08']",0.133333333,1,;186,;Haiti,1,;186,;Haiti,;0 days 00:00:02,0 days 00:00:02,0.25,0,,,0,,
171,171,162,_end,8,1/1/1900 1:10,1/1/1900 1:10,"['00', '00', '05']",0.083333333,0,,,0,,,,0,0,0,,,0,,
172,172,163,"Montreal, Canada",4,1/1/1900 1:10,1/1/1900 1:10,"['00', '00', '14']",0.233333333,0,,,0,,,,0,0,0,,,0,,
173,173,164,Haiti,6,1/1/1900 1:10,1/1/1900 1:10,"['00', '00', '22']",0.366666667,1,;187,;Haiti,1,;187,;Haiti,;0 days 00:00:00,0 days 00:00:00,0,0,,,0,,
174,174.0;175.0,165.0;166.0,"Montreal, Canada",4,1/1/1900 1:10,1/1/1900 1:12,"['00', '01', '09']",1.15,1,;188,;Haiti,0,,,,0,0,0,,,0,,
176,176,nan,Haiti,6,1/1/1900 1:11,1/1/1900 1:12,"['00', '00', '13']",0.216666667,0,,,0,,,,0,0,0,,,0,,
177,177,167,"Montreal, Canada",4,1/1/1900 1:12,1/1/1900 1:12,"['00', '00', '37']",0.616666667,2,;189;190,;Haiti;Haiti,0,,,,0,0,0,,,0,,
178,178.0;179.0,nan;168.0,Haiti,6,1/1/1900 1:12,1/1/1900 1:12,"['00', '00', '43']",0.716666667,2,;189;190,;Haiti;Haiti,2,;189;190,;Haiti;Haiti,;0 days 00:00:06;0 days 00:00:14,0 days 00:00:06,0.139534884,0,,,0,,
180,180,169,"Outremont, Montreal, Canada",3,1/1/1900 1:12,1/1/1900 1:13,"['00', '00', '37']",0.616666667,0,,,0,,,,0,0,0,,,0,,
181,181.0;182.0;183.0;184.0;185.0,nan;170.0;171.0;172.0;173.0,Haiti,6,1/1/1900 1:12,1/1/1900 1:14,"['00', '01', '15']",1.25,2,;191;192,;Haiti;Haiti,2,;191;192,;Haiti;Haiti,;0 days 00:00:38;0 days 00:00:53,0 days 00:00:38,0.506666667,0,,,0,,
186,186,174,_end,8,1/1/1900 1:14,1/1/1900 1:14,"['00', '00', '06']",0.1,0,,,0,,,,0,0,0,,,0,,
187,187.0;188.0;189.0,175.0;176.0;177.0,"Montreal, Canada",4,1/1/1900 1:14,1/1/1900 1:14,"['00', '00', '39']",0.65,0,,,0,,,,0,0,0,,,0,,
190,190,178,"Quebec, Canada",5,1/1/1900 1:14,1/1/1900 1:14,"['00', '00', '08']",0.133333333,1,;193,";Quebec, Canada",1,;193,";Quebec, Canada",;0 days 00:00:05,0 days 00:00:05,0.625,0,,,0,,
191,191,179,"Montreal, Canada",4,1/1/1900 1:14,1/1/1900 1:15,"['00', '00', '24']",0.4,0,,,0,,,,0,0,0,,,0,,
192,192,180,Haiti,6,1/1/1900 1:15,1/1/1900 1:15,"['00', '00', '15']",0.25,1,;194,";Montreal, Canada",0,,,,0,0,0,,,0,,
193,193.0;194.0,nan;181.0,"Montreal, Canada",4,1/1/1900 1:15,1/1/1900 1:17,"['00', '01', '59']",1.983333333,2,;194;195,";Montreal, Canada;Festival International de Jazz de Montréal, Montreal, Canada",1,;194,";Montreal, Canada",;0 days 00:00:13,0 days 00:00:13,0.109243697,0,,,1,;195,";Festival International de Jazz de Montréal, Montreal, Canada"
195,195.0;196.0,182.0;183.0,_end,8,1/1/1900 1:17,1/1/1900 1:18,"['00', '00', '40']",0.666666667,0,,,0,,,,0,0,0,,,0,,
197,197.0;198.0,184.0;185.0,"Maison d'Haiti, Montreal, Canada",2,1/1/1900 1:18,1/1/1900 1:18,"['00', '00', '57']",0.95,2,;196;197,";Maison d'Haiti, Montreal, Canada;Maison d'Haiti, Montreal, Canada",2,;196;197,";Maison d'Haiti, Montreal, Canada;Maison d'Haiti, Montreal, Canada",;0 days 00:00:01;0 days 00:00:36,0 days 00:00:01,0.01754386,0,,,0,,
199,199,186,"Montreal, Canada",4,1/1/1900 1:18,1/1/1900 1:22,"['00', '03', '07']",3.116666667,5,;198;199;200;201;202,";Fort-Dimanche, Haiti;Fort-Dimanche, Haiti;180 Cuvillier, Longueuil, Canada;Longueuil, Canada;Longueuil, Canada",0,,,,0,0,0,,,0,,
200,200.0;201.0,187.0;188.0,_end,8,1/1/1900 1:22,1/1/1900 1:23,"['00', '01', '35']",1.583333333,0,,,0,,,,0,0,0,,,0,,
202,202,189,"Gonaives, Haiti",4,1/1/1900 1:23,1/1/1900 1:25,"['00', '01', '39']",1.65,1,;203,";Gonaives, Haiti",1,;203,";Gonaives, Haiti",;0 days 00:00:07,0 days 00:00:07,0.070707071,0,,,0,,
203,203,190,_end,8,1/1/1900 1:25,1/1/1900 1:25,"['00', '00', '03']",0.05,0,,,0,,,,0,0,0,,,0,,
204,204,191,"Marchand Dessalines, Haiti",4,1/1/1900 1:25,1/1/1900 1:25,"['00', '00', '33']",0.55,0,,,0,,,,0,0,0,,,0,,
205,205,192,_end,8,1/1/1900 1:25,1/1/1900 1:26,"['00', '00', '25']",0.416666667,0,,,0,,,,0,0,0,,,0,,
206,206.0;207.0;208.0;209.0;210.0,193.0;194.0;195.0;196.0;197.0,"Gonaives, Haiti",4,1/1/1900 1:26,1/1/1900 1:31,"['00', '04', '49']",4.816666667,2,;204;205,";Gonaives, Haiti;Port-au-Prince, Haiti",1,;204,";Gonaives, Haiti",;0 days 00:01:27,0 days 00:01:27,0.301038062,0,,,0,,
211,211,198,_end,8,1/1/1900 1:31,1/1/1900 1:31,"['00', '00', '12']",0.2,0,,,0,,,,0,0,0,,,0,,
212,212,199,"Gonaives, Haiti",4,1/1/1900 1:31,1/1/1900 1:33,"['00', '02', '09']",2.15,0,,,0,,,,0,0,0,,,0,,
213,213,200,_end,8,1/1/1900 1:33,1/1/1900 1:33,"['00', '00', '13']",0.216666667,0,,,0,,,,0,0,0,,,0,,
214,214.0;215.0;216.0,201.0;202.0;203.0,Haiti,6,1/1/1900 1:33,1/1/1900 1:35,"['00', '02', '12']",2.2,0,,,0,,,,0,0,0,,,0,,
217,217.0;218.0;219.0,204.0;205.0;206.0,"Gonaives, Haiti",4,1/1/1900 1:35,1/1/1900 1:39,"['00', '03', '07']",3.116666667,5,;206;207;208;209;210,";Haiti;Gonaives, Haiti;Gonaives, Haiti;Place d'Armes de la Ville des Gonaives, Gonaives, Haiti;Rue Saint Charles, Gonaives, Haiti",2,;207;208,";Gonaives, Haiti;Gonaives, Haiti",;0 days 00:00:26;0 days 00:00:34,0 days 00:00:26,0.139037433,1,;206,;Haiti,2,;209;210,";Place d'Armes de la Ville des Gonaives, Gonaives, Haiti;Rue Saint Charles, Gonaives, Haiti"
220,220,207,"Dessalines, Haiti",4,1/1/1900 1:39,1/1/1900 1:44,"['00', '05', '53']",5.883333333,2,;211;212,";Le Maquis, Haiti;Le Maquis, Haiti",0,,,,0,0,0,,,0,,
221,221,208,"Gonaives, Haiti",4,1/1/1900 1:44,1/1/1900 1:53,"['00', '08', '26']",8.433333333,12,;213;214;215;216;217;218;219;220;221;222;223;224,";Le Maquis, Haiti;Haiti;Haiti;Port-au-Prince, Haiti;Gonaives, Haiti;Gonaives, Haiti;Port-au-Prince, Haiti;Port-au-Prince, Haiti;Gonaives, Haiti;Petite Rivière de l'Artibonite, Haiti;Gonaives, Haiti;Gonaives, Haiti",5,;217;218;221;223;224,";Gonaives, Haiti;Gonaives, Haiti;Gonaives, Haiti;Gonaives, Haiti;Gonaives, Haiti",;0 days 00:06:29;0 days 00:06:34;0 days 00:06:52;0 days 00:07:33;0 days 00:07:36,0 days 00:06:29,0.768774704,2,;214;215,;Haiti;Haiti,0,,
222,222,nan,"Casernes Dessalines, Port-au-Prince, Haiti",2,1/1/1900 1:44,1/1/1900 1:53,"['00', '08', '26']",8.433333333,12,;213;214;215;216;217;218;219;220;221;222;223;224,";Le Maquis, Haiti;Haiti;Haiti;Port-au-Prince, Haiti;Gonaives, Haiti;Gonaives, Haiti;Port-au-Prince, Haiti;Port-au-Prince, Haiti;Gonaives, Haiti;Petite Rivière de l'Artibonite, Haiti;Gonaives, Haiti;Gonaives, Haiti",0,,,,0,0,5,;214;215;216;219;220,";Haiti;Haiti;Port-au-Prince, Haiti;Port-au-Prince, Haiti;Port-au-Prince, Haiti",0,,
223,223.0;224.0,209.0;210.0,Haiti,6,1/1/1900 1:53,1/1/1900 1:55,"['00', '02', '25']",2.416666667,2,;225;226,;Haiti;Haiti,2,;225;226,;Haiti;Haiti,;0 days 00:00:34;0 days 00:01:20,0 days 00:00:34,0.234482759,0,,,0,,
225,225,211,"Gonaives, Haiti",4,1/1/1900 1:55,1/1/1900 1:59,"['00', '03', '22']",3.366666667,6,;227;228;229;230;231;232,";Cap-Haitien, Haiti;Saint-Marc, Haiti;Saint-Marc, Haiti;Gonaives, Haiti;Gonaives, Haiti;Saint-Marc, Haiti",2,;230;231,";Gonaives, Haiti;Gonaives, Haiti",;0 days 00:01:37;0 days 00:01:41,0 days 00:01:37,0.48019802,0,,,0,,
226,226,nan,"Saint-Marc, Haiti",4,1/1/1900 1:55,1/1/1900 1:59,"['00', '03', '22']",3.366666667,6,;227;228;229;230;231;232,";Cap-Haitien, Haiti;Saint-Marc, Haiti;Saint-Marc, Haiti;Gonaives, Haiti;Gonaives, Haiti;Saint-Marc, Haiti",3,;228;229;232,";Saint-Marc, Haiti;Saint-Marc, Haiti;Saint-Marc, Haiti",;0 days 00:01:27;0 days 00:01:29;0 days 00:02:19,0 days 00:01:27,0.430693069,0,,,0,,
227,227,212,_end,8,1/1/1900 1:59,1/1/1900 1:59,"['00', '00', '06']",0.1,0,,,0,,,,0,0,0,,,0,,
228,228,213,Haiti,6,1/1/1900 1:59,1/1/1900 2:03,"['00', '04', '07']",4.116666667,2,;233;234,;Caribbean;Caribbean,0,,,,0,0,0,,,0,,
229,229,214,_end,8,1/1/1900 2:03,1/1/1900 2:03,"['00', '00', '08']",0.133333333,1,;235,";Université de Montréal, Montreal, Canada",0,,,,0,0,0,,,0,,
230,230,215,Haiti,6,1/1/1900 2:03,1/1/1900 2:03,"['00', '00', '31']",0.516666667,0,,,0,,,,0,0,0,,,0,,
231,231,216,_end,8,1/1/1900 2:03,1/1/1900 2:04,"['00', '00', '05']",0.083333333,1,;236,";Montreal, Canada",0,,,,0,0,0,,,0,,
232,232,217,"Université de Montréal, Montreal, Canada",2,1/1/1900 2:04,1/1/1900 2:04,"['00', '00', '32']",0.533333333,1,;237,";Université de Montréal, Montreal, Canada",1,;237,";Université de Montréal, Montreal, Canada",;0 days 00:00:03,0 days 00:00:03,0.09375,0,,,0,,
233,233,218,Haiti,6,1/1/1900 2:04,1/1/1900 2:05,"['00', '01', '14']",1.233333333,1,;238,";Montreal, Canada",0,,,,0,0,0,,,0,,
234,234,nan,"Montreal, Canada",4,1/1/1900 2:04,1/1/1900 2:05,"['00', '01', '14']",1.233333333,1,;238,";Montreal, Canada",1,;238,";Montreal, Canada",;0 days 00:00:45,0 days 00:00:45,0.608108108,0,,,0,,
235,235,219,_end,8,1/1/1900 2:05,1/1/1900 2:06,"['00', '00', '10']",0.166666667,0,,,0,,,,0,0,0,,,0,,
236,236,220,"Montreal, Canada",4,1/1/1900 2:06,1/1/1900 2:07,"['00', '01', '24']",1.4,2,;239;240,;Haiti;Haiti,0,,,,0,0,0,,,0,,
237,237.0;238.0;239.0,221.0;222.0;223.0,"Artibonite, Haiti",5,1/1/1900 2:07,1/1/1900 2:09,"['00', '01', '55']",1.916666667,5,;241;242;243;244;245,";Artibonite, Haiti;Artibonite, Haiti;National Palace, Port-au-Prince, Haiti;Artibonite, Haiti;Artibonite, Haiti",4,;241;242;244;245,";Artibonite, Haiti;Artibonite, Haiti;Artibonite, Haiti;Artibonite, Haiti",;0 days 00:00:55;0 days 00:01:05;0 days 00:01:18;0 days 00:01:22,0 days 00:00:55,0.47826087,0,,,0,,
240,240,224,"National Palace, Port-au-Prince, Haiti",2,1/1/1900 2:08,1/1/1900 2:10,"['00', '02', '03']",2.05,3,;245;246;247,";Artibonite, Haiti;National Palace, Port-au-Prince, Haiti;National Palace, Port-au-Prince, Haiti",2,;246;247,";National Palace, Port-au-Prince, Haiti;National Palace, Port-au-Prince, Haiti",;0 days 00:00:34;0 days 00:00:53,0 days 00:00:34,0.276422764,0,,,0,,
241,241,225,_end,8,1/1/1900 2:10,1/1/1900 2:14,"['00', '03', '16']",3.266666667,0,,,0,,,,0,0,0,,,0,,
242,242,226,Cuba,6,1/1/1900 2:14,1/1/1900 2:16,"['00', '02', '16']",2.266666667,0,,,0,,,,0,0,0,,,0,,
243,243.0;244.0,nan;227.0,Haiti,6,1/1/1900 2:14,1/1/1900 2:16,"['00', '02', '25']",2.416666667,0,,,0,,,,0,0,0,,,0,,
245,245,228,"Saint-Marc, Haiti",4,1/1/1900 2:16,1/1/1900 2:16,"['00', '00', '20']",0.333333333,0,,,0,,,,0,0,0,,,0,,
246,246.0;247.0;248.0,229.0;230.0;231.0,"Marchand Dessalines, Haiti",4,1/1/1900 2:16,1/1/1900 2:18,"['00', '02', '00']",2,2,;248;249,";Gonaives, Haiti;Gonaives, Haiti",0,,,,0,0,0,,,0,,
249,249,232,"Gonaives, Haiti",4,1/1/1900 2:18,1/1/1900 2:19,"['00', '00', '42']",0.7,3,;250;251;252,";Gonaives, Haiti;Gonaives, Haiti;Gonaives, Haiti",3,;250;251;252,";Gonaives, Haiti;Gonaives, Haiti;Gonaives, Haiti",;0 days 00:00:00;0 days 00:00:23;0 days 00:00:35,0 days 00:00:00,0,0,,,0,,
250,250,233,"Port-au-Prince, Haiti",4,1/1/1900 2:19,1/1/1900 2:21,"['00', '02', '10']",2.166666667,12,;253;254;255;256;257;258;259;260;261;262;263;264,";Port-au-Prince, Haiti;Port-au-Prince, Haiti;Port-au-Prince, Haiti;Port-au-Prince, Haiti;Port-au-Prince, Haiti;Port-au-Prince, Haiti;Gonaives, Haiti;Gonaives, Haiti;Port-au-Prince, Haiti;Port-au-Prince, Haiti;Port-au-Prince, Haiti;Port-au-Prince, Haiti",10,;253;254;255;256;257;258;261;262;263;264,";Port-au-Prince, Haiti;Port-au-Prince, Haiti;Port-au-Prince, Haiti;Port-au-Prince, Haiti;Port-au-Prince, Haiti;Port-au-Prince, Haiti;Port-au-Prince, Haiti;Port-au-Prince, Haiti;Port-au-Prince, Haiti;Port-au-Prince, Haiti",;0 days 00:00:01;0 days 00:00:03;0 days 00:00:06;0 days 00:00:09;0 days 00:00:22;0 days 00:00:25;0 days 00:00:28;0 days 00:00:30;0 days 00:00:30;0 days 00:00:32,0 days 00:00:01,0.007692308,0,,,0,,
251,251,nan,"Gonaives, Haiti",4,1/1/1900 2:19,1/1/1900 2:21,"['00', '02', '10']",2.166666667,12,;253;254;255;256;257;258;259;260;261;262;263;264,";Port-au-Prince, Haiti;Port-au-Prince, Haiti;Port-au-Prince, Haiti;Port-au-Prince, Haiti;Port-au-Prince, Haiti;Port-au-Prince, Haiti;Gonaives, Haiti;Gonaives, Haiti;Port-au-Prince, Haiti;Port-au-Prince, Haiti;Port-au-Prince, Haiti;Port-au-Prince, Haiti",2,;259;260,";Gonaives, Haiti;Gonaives, Haiti",;0 days 00:00:26;0 days 00:00:28,0 days 00:00:26,0.2,0,,,0,,
252,252.0;253.0;254.0;255.0;256.0,234.0;235.0;236.0;237.0;238.0,Haiti,6,1/1/1900 2:21,1/1/1900 2:27,"['00', '06', '18']",6.3,5,;265;266;267;268;269,;Haiti;Haiti;Haiti;Haiti;Haiti,5,;265;266;267;268;269,;Haiti;Haiti;Haiti;Haiti;Haiti,;0 days 00:01:57;0 days 00:03:06;0 days 00:04:39;0 days 00:04:47;0 days 00:04:51,0 days 00:01:57,0.30952381,0,,,0,,
257,257,239,Canada,6,1/1/1900 2:27,1/1/1900 2:28,"['00', '00', '22']",0.366666667,5,;270;271;272;273;274,;USA;Canada;USA;USA;Canada,2,;271;274,;Canada;Canada,;0 days 00:00:08;0 days 00:00:12,0 days 00:00:08,0.363636364,0,,,0,,
258,258,240,Haiti,6,1/1/1900 2:28,1/1/1900 2:29,"['00', '01', '11']",1.183333333,9,;275;276;277;278;279;280;281;282;283,";USA;USA;Gonaives, Haiti;Gonaives, Haiti;Port-au-Prince, Haiti;Gonaives, Haiti;Africa;Africa;USA",0,,,,0,0,0,,,4,;277;278;279;280,";Gonaives, Haiti;Gonaives, Haiti;Port-au-Prince, Haiti;Gonaives, Haiti"
259,259,241,_end,8,1/1/1900 2:29,1/1/1900 2:29,"['00', '00', '02']",0.033333333,0,,,0,,,,0,0,0,,,0,,
260,260,242,"Port-au-Prince, Haiti",4,1/1/1900 2:29,1/1/1900 2:30,"['00', '01', '15']",1.25,5,;284;285;286;287;288,;Haiti;USA;USA;Canada;Canada,0,,,,0,0,1,;284,;Haiti,0,,
261,261,243,"Montreal, Canada",4,1/1/1900 2:30,1/1/1900 2:32,"['00', '01', '15']",1.25,3,;289;290;291,;Haiti;Canada;Haiti,0,,,,0,0,1,;290,;Canada,0,,
262,262,244,"Port-au-Prince International Airport, Haiti; Miami International Airport, USA; Pierre Elliott Trudeau International Airport, Montreal, Canada",1,1/1/1900 2:32,1/1/1900 2:33,"['00', '01', '21']",1.35,8,;292;293;294;295;296;297;298;299,";Haiti;Montreal, Canada;Haiti;Miami, USA;Montreal, Canada;Montreal, Canada;Montreal, Canada;Miami, USA",0,,,,0,0,6,;292;293;294;296;297;298,";Haiti;Montreal, Canada;Haiti;Montreal, Canada;Montreal, Canada;Montreal, Canada",0,,
263,263,245,_end,8,1/1/1900 2:33,1/1/1900 2:33,"['00', '00', '06']",0.1,1,;300,";Montreal, Canada",0,,,,0,0,0,,,0,,
264,264,246,"Montreal, Canada",4,1/1/1900 2:33,1/1/1900 2:34,"['00', '01', '11']",1.183333333,1,;301,;Haiti,0,,,,0,0,0,,,0,,
265,265,247,_end,8,1/1/1900 2:34,1/1/1900 2:34,"['00', '00', '03']",0.05,0,,,0,,,,0,0,0,,,0,,
266,266,248,"Pierre Elliott Trudeau International Airport, Montreal, Canada",2,1/1/1900 2:34,1/1/1900 2:36,"['00', '01', '49']",1.816666667,0,,,0,,,,0,0,0,,,0,,
267,267,249,"Montreal, Canada",4,1/1/1900 2:36,1/1/1900 2:36,"['00', '00', '02']",0.033333333,0,,,0,,,,0,0,0,,,0,,
268,268,250,"Saint Christophe Street, Montreal, Canada",3,1/1/1900 2:36,1/1/1900 2:37,"['00', '00', '48']",0.8,4,;302;303;304;305,";Saint Christophe Street, Montreal, Canada;Berri-UQAM Station, Montreal, Canada;Outremont, Montreal, Canada;Villeray, Montreal, Canada",1,;302,";Saint Christophe Street, Montreal, Canada",;0 days 00:00:09,0 days 00:00:09,0.1875,0,,,0,,
269,269,nan,"Outremont, Montreal, Canada",3,1/1/1900 2:36,1/1/1900 2:37,"['00', '00', '48']",0.8,4,;302;303;304;305,";Saint Christophe Street, Montreal, Canada;Berri-UQAM Station, Montreal, Canada;Outremont, Montreal, Canada;Villeray, Montreal, Canada",1,;304,";Outremont, Montreal, Canada",;0 days 00:00:16,0 days 00:00:16,0.333333333,0,,,0,,
270,270,nan,"Villeray, Montreal, Canada",3,1/1/1900 2:36,1/1/1900 2:37,"['00', '00', '48']",0.8,4,;302;303;304;305,";Saint Christophe Street, Montreal, Canada;Berri-UQAM Station, Montreal, Canada;Outremont, Montreal, Canada;Villeray, Montreal, Canada",1,;305,";Villeray, Montreal, Canada",;0 days 00:00:44,0 days 00:00:44,0.916666667,0,,,0,,
271,271,251,"Montreal, Canada",4,1/1/1900 2:37,1/1/1900 2:37,"['00', '00', '02']",0.033333333,0,,,0,,,,0,0,0,,,0,,
272,272,252,"William Street, Montreal, Canada",3,1/1/1900 2:37,1/1/1900 2:38,"['00', '00', '58']",0.966666667,3,;306;307;308,";CIDIHCA, Montreal, Canada;Saint Paul Street, Montreal, Canada;William Street, Montreal, Canada",1,;308,";William Street, Montreal, Canada",;0 days 00:00:15,0 days 00:00:15,0.25862069,0,,,0,,
273,273,253,"Centre de formation professionnelle Pierre-Dupuy, Longueuil, Canada",2,1/1/1900 2:38,1/1/1900 2:38,"['00', '00', '32']",0.533333333,5,;309;310;311;312;313,";Longueuil, Canada;Centre de formation professionnelle Pierre-Dupuy, Longueuil, Canada;Longueuil, Canada;Centre de formation professionnelle Pierre-Dupuy, Longueuil, Canada;Centre de formation professionnelle Pierre-Dupuy, Longueuil, Canada",3,;310;312;313,";Centre de formation professionnelle Pierre-Dupuy, Longueuil, Canada;Centre de formation professionnelle Pierre-Dupuy, Longueuil, Canada;Centre de formation professionnelle Pierre-Dupuy, Longueuil, Canada",;0 days 00:00:17;0 days 00:00:20;0 days 00:00:21,0 days 00:00:17,0.53125,2,;309;311,";Longueuil, Canada;Longueuil, Canada",0,,
274,274,254,"Saint-Michel, Montreal, Canada",3,1/1/1900 2:38,1/1/1900 2:39,"['00', '00', '47']",0.783333333,4,;314;315;316;317,";Longueuil, Canada;Montreal, Canada;Saint-Michel, Montreal, Canada;Longueuil, Canada",1,;316,";Saint-Michel, Montreal, Canada",;0 days 00:00:38,0 days 00:00:38,0.808510638,1,;315,";Montreal, Canada",0,,
275,275,255,"Montreal, Canada",4,1/1/1900 2:39,1/1/1900 2:39,"['00', '00', '08']",0.133333333,0,,,0,,,,0,0,0,,,0,,
276,276.0;277.0;278.0,256.0;257.0;258.0,"Outremont, Montreal, Canada",3,1/1/1900 2:39,1/1/1900 2:41,"['00', '01', '42']",1.7,18,;318;319;320;321;322;323;324;325;326;327;328;329;330;331;332;333;334;335,";Outremont, Montreal, Canada;Outremont, Montreal, Canada;Villeray, Montreal, Canada;Villeray, Montreal, Canada;Beaubien Street, Montreal, Canada;Beaubien Street, Montreal, Canada;Outremont, Montreal, Canada;Outremont, Montreal, Canada;Outremont, Montreal, Canada;Outremont, Montreal, Canada;Outremont, Montreal, Canada;Côte-Sainte-Catherine, Montreal, Canada;Côte-Sainte-Catherine, Montreal, Canada;Bernard Street, Montreal, Canada;Bernard Street, Montreal, Canada;Bernard Street, Montreal, Canada;Outremont, Montreal, Canada;Outremont, Montreal, Canada",9,;318;319;324;325;326;327;328;334;335,";Outremont, Montreal, Canada;Outremont, Montreal, Canada;Outremont, Montreal, Canada;Outremont, Montreal, Canada;Outremont, Montreal, Canada;Outremont, Montreal, Canada;Outremont, Montreal, Canada;Outremont, Montreal, Canada;Outremont, Montreal, Canada",;0 days 00:00:01;0 days 00:00:09;0 days 00:00:31;0 days 00:00:35;0 days 00:00:39;0 days 00:00:48;0 days 00:00:49;0 days 00:01:33;0 days 00:01:36,0 days 00:00:01,0.009803922,0,,,0,,
279,279,259,_end,8,1/1/1900 2:41,1/1/1900 2:41,"['00', '00', '03']",0.05,0,,,0,,,,0,0,0,,,0,,
280,280,260,Haiti,6,1/1/1900 2:41,1/1/1900 2:42,"['00', '01', '18']",1.3,1,;336,;Haiti,1,;336,;Haiti,;0 days 00:00:01,0 days 00:00:01,0.012820513,0,,,0,,
281,281.0;282.0,nan;261.0,"Montreal, Canada",4,1/1/1900 2:41,1/1/1900 2:43,"['00', '02', '18']",2.3,1,;336,;Haiti,0,,,,0,0,0,,,0,,
283,283,262,"Quebec, Canada",5,1/1/1900 2:43,1/1/1900 2:44,"['00', '00', '52']",0.866666667,1,;337,";Montreal, Canada",0,,,,0,0,0,,,0,,
284,284,263,_end,8,1/1/1900 2:44,1/1/1900 2:44,"['00', '00', '02']",0.033333333,0,,,0,,,,0,0,0,,,0,,
285,285,264,"Montreal, Canada",4,1/1/1900 2:44,1/1/1900 2:45,"['00', '00', '38']",0.633333333,4,;338;339;340;341,";Haiti;Montreal, Canada;Laval, Canada;Montreal, Canada",2,;339;341,";Montreal, Canada;Montreal, Canada",;0 days 00:00:25;0 days 00:00:33,0 days 00:00:25,0.657894737,0,,,0,,
286,286.0;287.0,265.0;266.0,Haiti,6,1/1/1900 2:45,1/1/1900 2:47,"['00', '01', '58']",1.966666667,4,;342;343;344;345,";Montreal, Canada;Haiti;Haiti;Haiti",3,;343;344;345,;Haiti;Haiti;Haiti,;0 days 00:00:01;0 days 00:00:06;0 days 00:00:21,0 days 00:00:01,0.008474576,0,,,0,,
288,288.0;289.0;290.0,nan;267.0;268.0,"Montreal, Canada",4,1/1/1900 2:45,1/1/1900 2:49,"['00', '04', '20']",4.333333333,6,;344;345;346;347;348;349,";Haiti;Haiti;Montreal, Canada;Montreal, Canada;Montreal, Canada;Montreal, Canada",4,;346;347;348;349,";Montreal, Canada;Montreal, Canada;Montreal, Canada;Montreal, Canada",;0 days 00:02:06;0 days 00:02:07;0 days 00:02:36;0 days 00:02:48,0 days 00:02:06,0.484615385,0,,,0,,
291,291.0;292.0;293.0,269.0;270.0;271.0,"Quebec, Canada",5,1/1/1900 2:49,1/1/1900 2:52,"['00', '02', '25']",2.416666667,0,,,0,,,,0,0,0,,,0,,
294,294,272,"Montreal, Canada",4,1/1/1900 2:52,1/1/1900 2:53,"['00', '01', '11']",1.183333333,1,;350,;Haiti,0,,,,0,0,0,,,0,,
295,295,273,_end,8,1/1/1900 2:53,1/1/1900 2:53,"['00', '00', '06']",0.1,0,,,0,,,,0,0,0,,,0,,
296,296,274,"Rosemont, Montreal, Canada",3,1/1/1900 2:53,1/1/1900 2:54,"['00', '01', '08']",1.133333333,0,,,0,,,,0,0,0,,,0,,
297,297.0;298.0;299.0,275.0;276.0;277.0,"Longueuil, Canada",4,1/1/1900 2:54,1/1/1900 2:55,"['00', '01', '20']",1.333333333,9,;351;352;353;354;355;356;357;358;359,";Longueuil, Canada;Rosemont, Montreal, Canada;Longueuil, Canada;Longueuil, Canada;Montreal, Canada;Montreal, Canada;Longueuil, Canada;Saint-Hubert, Canada;Montreal, Canada",4,;351;353;354;357,";Longueuil, Canada;Longueuil, Canada;Longueuil, Canada;Longueuil, Canada",;0 days 00:00:01;0 days 00:00:14;0 days 00:00:17;0 days 00:01:06,0 days 00:00:01,0.0125,0,,,0,,
300,300,nan,"Montreal, Canada",4,1/1/1900 2:55,1/1/1900 2:55,"['00', '00', '53']",0.883333333,5,;355;356;357;358;359,";Montreal, Canada;Montreal, Canada;Longueuil, Canada;Saint-Hubert, Canada;Montreal, Canada",3,;355;356;359,";Montreal, Canada;Montreal, Canada;Montreal, Canada",;0 days 00:00:09;0 days 00:00:32;0 days 00:00:46,0 days 00:00:09,0.169811321,0,,,0,,
301,301.0;302.0,278.0;279.0,"Longueuil, Canada",4,1/1/1900 2:55,1/1/1900 2:58,"['00', '02', '27']",2.45,0,,,0,,,,0,0,0,,,0,,
303,303,280,_end,8,1/1/1900 2:58,1/1/1900 3:03,"['00', '04', '36']",4.6,7,;360;361;362;363;364;365;366,";CIDIHCA, Montreal, Canada;Outremont, Montreal, Canada;Outremont, Montreal, Canada;Outremont, Montreal, Canada;Outremont, Montreal, Canada;Rosemont, Montreal, Canada;Rosemont, Montreal, Canada",0,,,,0,0,0,,,0,,
304,304,281,Haiti,6,1/1/1900 3:03,1/1/1900 3:03,"['00', '00', '12']",0.2,3,;367;368;369,";Haiti;Montreal, Canada;Quebec, Canada",1,;367,;Haiti,;0 days 00:00:02,0 days 00:00:02,0.166666667,0,,,0,,
305,305.0;306.0,nan;282.0,"Quebec, Canada",5,1/1/1900 3:03,1/1/1900 3:06,"['00', '03', '24']",3.4,15,;367;368;369;370;371;372;373;374;375;376;377;378;379;380;381,";Haiti;Montreal, Canada;Quebec, Canada;Haiti;Quebec, Canada;Haiti;Haiti;Quebec, Canada;Port-au-Prince, Haiti;Gonaives, Haiti;Gonaives, Haiti;Gonaives, Haiti;Port-au-Prince, Haiti;Port-au-Prince, Haiti;Port-au-Prince, Haiti",3,;369;371;374,";Quebec, Canada;Quebec, Canada;Quebec, Canada",;0 days 00:00:04;0 days 00:00:16;0 days 00:00:34,0 days 00:00:04,0.019607843,0,,,0,,
307,307,nan,Haiti,6,1/1/1900 3:03,1/1/1900 3:06,"['00', '03', '12']",3.2,12,;370;371;372;373;374;375;376;377;378;379;380;381,";Haiti;Quebec, Canada;Haiti;Haiti;Quebec, Canada;Port-au-Prince, Haiti;Gonaives, Haiti;Gonaives, Haiti;Gonaives, Haiti;Port-au-Prince, Haiti;Port-au-Prince, Haiti;Port-au-Prince, Haiti",3,;370;372;373,;Haiti;Haiti;Haiti,;0 days 00:00:02;0 days 00:00:14;0 days 00:00:17,0 days 00:00:02,0.010416667,0,,,7,;375;376;377;378;379;380;381,";Port-au-Prince, Haiti;Gonaives, Haiti;Gonaives, Haiti;Gonaives, Haiti;Port-au-Prince, Haiti;Port-au-Prince, Haiti;Port-au-Prince, Haiti"
308,308,nan,"Gonaives, Haiti",4,1/1/1900 3:03,1/1/1900 3:06,"['00', '03', '12']",3.2,12,;370;371;372;373;374;375;376;377;378;379;380;381,";Haiti;Quebec, Canada;Haiti;Haiti;Quebec, Canada;Port-au-Prince, Haiti;Gonaives, Haiti;Gonaives, Haiti;Gonaives, Haiti;Port-au-Prince, Haiti;Port-au-Prince, Haiti;Port-au-Prince, Haiti",3,;376;377;378,";Gonaives, Haiti;Gonaives, Haiti;Gonaives, Haiti",;0 days 00:01:02;0 days 00:01:04;0 days 00:01:25,0 days 00:01:02,0.322916667,3,;370;372;373,;Haiti;Haiti;Haiti,0,,
309,309,nan,"Port-au-Prince, Haiti",4,1/1/1900 3:03,1/1/1900 3:06,"['00', '03', '12']",3.2,12,;370;371;372;373;374;375;376;377;378;379;380;381,";Haiti;Quebec, Canada;Haiti;Haiti;Quebec, Canada;Port-au-Prince, Haiti;Gonaives, Haiti;Gonaives, Haiti;Gonaives, Haiti;Port-au-Prince, Haiti;Port-au-Prince, Haiti;Port-au-Prince, Haiti",4,;375;379;380;381,";Port-au-Prince, Haiti;Port-au-Prince, Haiti;Port-au-Prince, Haiti;Port-au-Prince, Haiti",;0 days 00:00:57;0 days 00:01:53;0 days 00:01:55;0 days 00:02:30,0 days 00:00:57,0.296875,3,;370;372;373,;Haiti;Haiti;Haiti,0,,
310,310,283,_end,8,1/1/1900 3:06,1/1/1900 3:06,"['00', '00', '09']",0.15,0,,,0,,,,0,0,0,,,0,,
311,311,284,"Montreal, Canada",4,1/1/1900 3:06,1/1/1900 3:07,"['00', '00', '49']",0.816666667,0,,,0,,,,0,0,0,,,0,,
312,312,285,Haiti,6,1/1/1900 3:07,1/1/1900 3:09,"['00', '01', '44']",1.733333333,5,;382;383;384;385;386,";Haiti;Haiti;Port-au-Prince, Haiti;Jacmel, Haiti;Cap-Haitien, Haiti",2,;382;383,;Haiti;Haiti,;0 days 00:00:00;0 days 00:00:22,0 days 00:00:00,0,0,,,3,;384;385;386,";Port-au-Prince, Haiti;Jacmel, Haiti;Cap-Haitien, Haiti"
313,313,286,_end,8,1/1/1900 3:09,1/1/1900 3:11,"['00', '01', '56']",1.933333333,2,;387;388,;Haiti;Haiti,0,,,,0,0,0,,,0,,
314,314,287,Haiti,6,1/1/1900 3:11,1/1/1900 3:20,"['00', '09', '05']",9.083333333,9,;389;390;391;392;393;394;395;396;397,;Haiti;Afgahnistan;Haiti;France;France;Haiti;France;Haiti;Haiti,5,;389;391;394;396;397,;Haiti;Haiti;Haiti;Haiti;Haiti,;0 days 00:01:21;0 days 00:05:18;0 days 00:07:24;0 days 00:08:20;0 days 00:08:30,0 days 00:01:21,0.148623853,0,,,0,,
