id,session_num,su_num,time_clip_start,time_clip_end,time_start,time_end,place,place_raw,scale,journey,scale_order,agg_su_id,time_length,num_minutes,mention_freq,mention_index,mention_places,mention_match_freq,mention_match_index,mention_match_places,mention_match_time_index,mention_first_match_time,mention_first_match_time_ratio,mention_coarser_match_freq,mention_coarser_match_index,mention_coarser_match_places,mention_finer_match_freq,mention_finer_match_index,mention_finer_match_places
1,1,1,0.0,0.0,1900-01-01 00:00:00,1900-01-01 00:00:15,_end,none,,,8,1.0,"['00', '00', '15']",0.25,0,,,0,,,,0,0.0,0,,,0,,
2,1,2,,,1900-01-01 00:00:15,1900-01-01 00:00:40,"Trois-Rivières, Quebec",Trois-Rivières; Quebec,city / area,,4,2.0,"['00', '00', '25']",0.4166666666666667,3,;1;2;3,";Trois-Rivières, Canada;Trois-Rivières, Canada;Trois-Rivières, Canada",0,,,,0,0.0,0,,,0,,
3,1,3,,,1900-01-01 00:00:40,1900-01-01 00:00:45,_end,none,,,8,3.0,"['00', '00', '05']",0.08333333333333333,0,,,0,,,,0,0.0,0,,,0,,
4,1,4,,,1900-01-01 00:00:45,1900-01-01 00:01:20,Rwanda,Rwanda,country,,6,4.0,"['00', '00', '35']",0.5833333333333334,3,;4;5;6,;Rwanda;Belgium;Rwanda,2,;4;6,;Rwanda;Rwanda,;0 days 00:00:05;0 days 00:00:25,0 days 00:00:05,0.14285714285714285,0,,,0,,
5,1,5,,,1900-01-01 00:01:20,1900-01-01 00:01:30,Rwanda,Rwanda,country,,6,4.0,"['00', '00', '10']",0.16666666666666666,0,,,0,,,,0,0.0,0,,,0,,
6,1,6,,,1900-01-01 00:01:30,1900-01-01 00:02:10,Rwanda,Rwanda,country,,6,4.0,"['00', '00', '40']",0.6666666666666666,2,;7;8,;Rwanda;Rwanda,2,;7;8,;Rwanda;Rwanda,;0 days 00:00:00;0 days 00:00:10,0 days 00:00:00,0.0,0,,,0,,
7,1,7,,,1900-01-01 00:02:10,1900-01-01 00:02:30,Rwanda,Rwanda,country,,6,4.0,"['00', '00', '20']",0.3333333333333333,1,;9,;Rwanda,1,;9,;Rwanda,;0 days 00:00:00,0 days 00:00:00,0.0,0,,,0,,
8,1,8,,,1900-01-01 00:02:30,1900-01-01 00:06:00,"Karama, Rwanda",Karama; Rwanda,local,,3,8.0,"['00', '03', '30']",3.5,4,;10;11;12;13,";Rwanda;Gikongoro, Rwanda;Karama, Rwanda;Rukondo, Rwanda",1,;12,";Karama, Rwanda",;0 days 00:02:58,0 days 00:02:58,0.8476190476190476,1,;10,;Rwanda,0,,
9,1,9,,,1900-01-01 00:06:00,1900-01-01 00:06:05,_end,none,,,8,9.0,"['00', '00', '05']",0.08333333333333333,0,,,0,,,,0,0.0,0,,,0,,
10,1,10,,,1900-01-01 00:06:05,1900-01-01 00:07:45,"Rukondo, Rwanda",Rukondo; Rwanda,local,,3,10.0,"['00', '01', '40']",1.6666666666666667,0,,,0,,,,0,0.0,0,,,0,,
11,1,11,,,1900-01-01 00:07:45,1900-01-01 00:10:45,"Karama, Rwanda",Karama; Rwanda,local,,3,11.0,"['00', '03', '00']",3.0,0,,,0,,,,0,0.0,0,,,0,,
12,1,12,,,1900-01-01 00:10:45,1900-01-01 00:14:15,"Rukondo, Rwanda",Rukondo; Rwanda,local,,3,12.0,"['00', '03', '30']",3.5,0,,,0,,,,0,0.0,0,,,0,,
13,1,13,,,1900-01-01 00:14:15,1900-01-01 00:15:00,_end,none,,,8,13.0,"['00', '00', '45']",0.75,0,,,0,,,,0,0.0,0,,,0,,
14,1,14,,,1900-01-01 00:15:00,1900-01-01 00:15:30,"Karama, Rwanda",Karama; Rwanda,local,,3,14.0,"['00', '00', '30']",0.5,0,,,0,,,,0,0.0,0,,,0,,
15,1,15,,,1900-01-01 00:15:30,1900-01-01 00:16:50,"Rukondo, Rwanda",Rukondo; Rwanda,local,,3,15.0,"['00', '01', '20']",1.3333333333333333,1,;14,";Groupe scholaire de Butare, Rwanda",0,,,,0,0.0,0,,,0,,
16,1,16,,,1900-01-01 00:16:50,1900-01-01 00:17:30,"Groupe scholaire de Butare, Rwanda",Groupe scholaire de Butare; Rwanda,very local,,2,16.0,"['00', '00', '40']",0.6666666666666666,0,,,0,,,,0,0.0,0,,,0,,
17,1,17,,,1900-01-01 00:17:30,1900-01-01 00:18:00,_end,none,,,8,17.0,"['00', '00', '30']",0.5,0,,,0,,,,0,0.0,0,,,0,,
18,1,18,,,1900-01-01 00:18:00,1900-01-01 00:18:45,"Groupe scholaire de Butare, Rwanda",Groupe scholaire de Butare; Rwanda,very local,,2,18.0,"['00', '00', '45']",0.75,0,,,0,,,,0,0.0,0,,,0,,
19,1,19,,,1900-01-01 00:18:45,1900-01-01 00:20:20,"Groupe scholaire de Butare, Rwanda",Groupe scholaire de Butare; Rwanda,very local,,2,18.0,"['00', '01', '35']",1.5833333333333333,3,;15;16;18,";Louvain, Belgium;l'université Nationale du Rwanda, Butare, Rwanda;Louvain, Belgium",0,,,,0,0.0,0,,,0,,
20,1,20,,,1900-01-01 00:20:20,1900-01-01 00:20:30,"Karama, Rwanda",Karama; Rwanda,local,,3,20.0,"['00', '00', '10']",0.16666666666666666,1,;17,";Louvain, Belgium",0,,,,0,0.0,0,,,0,,
21,1,21,,,1900-01-01 00:20:30,1900-01-01 00:20:45,"Louvain, Belgium",Louvain; Belgium,very local,,2,21.0,"['00', '00', '15']",0.25,0,,,0,,,,0,0.0,0,,,0,,
22,1,22,,,1900-01-01 00:20:45,1900-01-01 00:22:50,"Groupe scholaire de Butare, Rwanda; Louvain, Belgium",Groupe scholaire de Butare; Rwanda; Louvain; Belgium,journey,Journey 1,1,22.0,"['00', '02', '05']",2.0833333333333335,4,;19;20;21;22,";Belgium;Gitarama, Rwanda;Gikongoro, Rwanda;Belgium",0,,,,0,0.0,2,;19;22,;Belgium;Belgium,0,,
23,1,23,,,1900-01-01 00:22:50,1900-01-01 00:23:10,"Groupe scholaire de Butare, Rwanda",Groupe scholaire de Butare; Rwanda,very local,,2,23.0,"['00', '00', '20']",0.3333333333333333,0,,,0,,,,0,0.0,0,,,0,,
24,1,24,,,1900-01-01 00:23:10,1900-01-01 00:24:00,"Groupe scholaire de Butare, Rwanda",Groupe scholaire de Butare; Rwanda,very local,,2,23.0,"['00', '00', '50']",0.8333333333333334,0,,,0,,,,0,0.0,0,,,0,,
25,1,25,,,1900-01-01 00:24:00,1900-01-01 00:26:50,"Rukondo, Rwanda",Rukondo; Rwanda,local,,3,25.0,"['00', '02', '50']",2.8333333333333335,4,;23;24;25;26,";Uganda;Uganda;West Africa;Zanzibar, Tanzania",0,,,,0,0.0,0,,,0,,
26,1,26,,,1900-01-01 00:26:50,1900-01-01 00:27:40,"Karama, Rwanda",Karama; Rwanda,local,,3,26.0,"['00', '00', '50']",0.8333333333333334,0,,,0,,,,0,0.0,0,,,0,,
27,1,27,,,1900-01-01 00:27:40,1900-01-01 00:31:45,"Rukondo, Rwanda",Rukondo; Rwanda,local,,3,27.0,"['00', '04', '05']",4.083333333333333,2,;27;28,;Uganda;Uganda,0,,,,0,0.0,0,,,0,,
28,1,28,,,1900-01-01 00:31:45,1900-01-01 00:32:10,_end,none,,,8,28.0,"['00', '00', '25']",0.4166666666666667,1,;29,;Belgium,0,,,,0,0.0,0,,,0,,
29,1,29,,,1900-01-01 00:32:10,1900-01-01 00:33:30,"Gikongoro, Rwanda",Gikongoro; Rwanda,region,,5,29.0,"['00', '01', '20']",1.3333333333333333,3,;30;31;32,;Burundi;Belgium;Democratic Republic of Congo,0,,,,0,0.0,0,,,0,,
30,1,30,,,1900-01-01 00:33:30,1900-01-01 00:35:00,"Groupe scholaire de Butare, Rwanda",Groupe scholaire de Butare; Rwanda,very local,,2,30.0,"['00', '01', '30']",1.5,6,;33;34;35;36;37;38,";Groupe scholaire de Butare, Rwanda;Gikongoro, Rwanda;Gikongoro, Rwanda;Gikongoro, Rwanda;Paroisse de Cyanika, Rwanda;Gikongoro, Rwanda",1,;33,";Groupe scholaire de Butare, Rwanda",;0 days 00:00:03,0 days 00:00:03,0.03333333333333333,0,,,0,,
31,1,31,,,1900-01-01 00:35:00,1900-01-01 00:35:50,"Groupe scholaire de Butare, Rwanda",Groupe scholaire de Butare; Rwanda,very local,,2,30.0,"['00', '00', '50']",0.8333333333333334,0,,,0,,,,0,0.0,0,,,0,,
32,1,32,,,1900-01-01 00:35:50,1900-01-01 00:36:10,_end,none,,,8,32.0,"['00', '00', '20']",0.3333333333333333,1,;39,";Gikongoro, Rwanda",0,,,,0,0.0,0,,,0,,
33,1,33,,,1900-01-01 00:36:10,1900-01-01 00:36:50,"Gikongoro, Rwanda",Gikongoro; Rwanda,region,,5,33.0,"['00', '00', '40']",0.6666666666666666,0,,,0,,,,0,0.0,0,,,0,,
34,1,34,,,1900-01-01 00:36:50,1900-01-01 00:38:00,"Groupe scholaire de Butare, Rwanda",Groupe scholaire de Butare; Rwanda,very local,,2,34.0,"['00', '01', '10']",1.1666666666666667,2,;40;41,";Gikongoro, Rwanda;Gikongoro, Rwanda",0,,,,0,0.0,0,,,0,,
35,1,35,,,1900-01-01 00:38:00,1900-01-01 00:38:10,Belgium,Belgium,country,,6,35.0,"['00', '00', '10']",0.16666666666666666,2,;42;45,;Belgium;Belgium,2,;42;45,;Belgium;Belgium,;0 days 00:00:00;0 days 00:00:00,0 days 00:00:00,0.0,0,,,0,,
36,1,36,,,1900-01-01 00:38:10,1900-01-01 00:40:30,Belgium,Belgium,country,,6,35.0,"['00', '02', '20']",2.3333333333333335,5,;43;44;46;47;48,;Belgium;Belgium;Belgium;Rwanda;Belgium,4,;43;44;46;48,;Belgium;Belgium;Belgium;Belgium,;0 days 00:00:00;0 days 00:00:00;0 days 00:00:50;0 days 00:02:00,0 days 00:00:00,0.0,0,,,0,,
37,1,37,,,1900-01-01 00:40:30,1900-01-01 00:40:50,Belgium,Belgium,country,,6,35.0,"['00', '00', '20']",0.3333333333333333,1,;49,;Belgium,1,;49,;Belgium,;0 days 00:00:10,0 days 00:00:10,0.5,0,,,0,,
38,1,38,,,1900-01-01 00:40:50,1900-01-01 00:42:45,Belgium,Belgium,country,,6,35.0,"['00', '01', '55']",1.9166666666666667,2,;50;51,;Belgium;Belgium,2,;50;51,;Belgium;Belgium,;0 days 00:00:00;0 days 00:01:10,0 days 00:00:00,0.0,0,,,0,,
39,1,39,,,1900-01-01 00:42:45,1900-01-01 00:45:00,Belgium,Belgium,country,,6,35.0,"['00', '02', '15']",2.25,1,;52,;Rwanda,0,,,,0,0.0,0,,,0,,
40,1,40,,,1900-01-01 00:45:00,1900-01-01 00:45:30,Belgium,Belgium,country,,6,35.0,"['00', '00', '30']",0.5,0,,,0,,,,0,0.0,0,,,0,,
41,1,41,,,1900-01-01 00:45:30,1900-01-01 00:47:10,Belgium,Belgium,country,,6,35.0,"['00', '01', '40']",1.6666666666666667,0,,,0,,,,0,0.0,0,,,0,,
42,1,42,,,1900-01-01 00:47:10,1900-01-01 00:47:20,_end,none,,,8,42.0,"['00', '00', '10']",0.16666666666666666,1,;53,;Belgium,0,,,,0,0.0,0,,,0,,
43,1,43,,,1900-01-01 00:47:20,1900-01-01 00:47:45,Belgium,Belgium,country,,6,43.0,"['00', '00', '25']",0.4166666666666667,1,;54,;Rwanda,0,,,,0,0.0,0,,,0,,
44,1,44,,,1900-01-01 00:47:45,1900-01-01 00:51:15,"Rukondo, Rwanda",Rukondo; Rwanda,local,,3,44.0,"['00', '03', '30']",3.5,2,;55;56,;Rwanda;Rwanda,0,,,,0,0.0,2,;55;56,;Rwanda;Rwanda,0,,
45,1,45,,,1900-01-01 00:51:15,1900-01-01 00:51:30,Belgium,Belgium,country,,6,45.0,"['00', '00', '15']",0.25,2,;57;58,;Belgium;Belgium,2,;57;58,;Belgium;Belgium,;0 days 00:00:05;0 days 00:00:10,0 days 00:00:05,0.3333333333333333,0,,,0,,
46,1,46,,,1900-01-01 00:51:30,1900-01-01 00:53:15,"l'université Nationale du Rwanda, Butare, Rwanda",l'université Nationale du Rwanda; Butare; Rwanda,very local,,2,46.0,"['00', '01', '45']",1.75,3,;59;60;61,";Rwanda;l'université Nationale du Rwanda, Butare, Rwanda;Canada",1,;60,";l'université Nationale du Rwanda, Butare, Rwanda",;0 days 00:00:15,0 days 00:00:15,0.14285714285714285,1,;59,;Rwanda,0,,
47,1,47,,,1900-01-01 00:53:15,1900-01-01 00:53:20,Canada,Canada,country,,6,47.0,"['00', '00', '05']",0.08333333333333333,0,,,0,,,,0,0.0,0,,,0,,
48,1,48,,,1900-01-01 00:53:20,1900-01-01 00:53:40,Rwanda; Canada,Canada,journey,journey 2,1,48.0,"['00', '00', '20']",0.3333333333333333,5,;62;63;64;65;66,;Rwanda;Canada;Canada;Canada;Canada,0,,,,0,0.0,5,;62;63;64;65;66,;Rwanda;Canada;Canada;Canada;Canada,0,,
49,1,49,,,1900-01-01 00:53:40,1900-01-01 00:57:15,"l'université Nationale du Rwanda, Butare, Rwanda",l'université Nationale du Rwanda; Butare; Rwanda,very local,,2,49.0,"['00', '03', '35']",3.5833333333333335,1,;67,;Africa,0,,,,0,0.0,0,,,0,,
50,1,50,,,1900-01-01 00:57:15,1900-01-01 00:57:30,"l'université Nationale du Rwanda, Butare, Rwanda",l'université Nationale du Rwanda; Butare; Rwanda,very local,,2,49.0,"['00', '00', '15']",0.25,1,;68,";l'université Nationale du Rwanda, Butare, Rwanda",1,;68,";l'université Nationale du Rwanda, Butare, Rwanda",;0 days 00:00:05,0 days 00:00:05,0.3333333333333333,0,,,0,,
51,1,51,,,1900-01-01 00:57:30,1900-01-01 01:02:00,"Butare, Rwanda",Butare; Rwanda,city / area,,4,51.0,"['00', '04', '30']",4.5,4,;69;70;71;72,";Belgium;Canada;l'hotel ibis, Butare, Rwanda;l'hotel faucon, Butare, Rwanda",0,,,,0,0.0,0,,,2,;71;72,";l'hotel ibis, Butare, Rwanda;l'hotel faucon, Butare, Rwanda"
52,1,52,,,1900-01-01 01:02:00,1900-01-01 01:04:20,"Kinshasa, Democratic Republic of Congo",Kinshasa; Democratic Republic of Congo,city / area,,4,52.0,"['00', '02', '20']",2.3333333333333335,6,;73;74;75;76;77;78,";Kinshasa, Democratic Republic of Congo;Canada;Canada;Kinshasa, Democratic Republic of Congo;l'ambassade du Canada, Kinshasa, Democratic Republic of Congo;Bureau de l'immigration, Kigali, Rwanda",2,;73;76,";Kinshasa, Democratic Republic of Congo;Kinshasa, Democratic Republic of Congo",;0 days 00:00:00;0 days 00:01:02,0 days 00:00:00,0.0,0,,,1,;77,";l'ambassade du Canada, Kinshasa, Democratic Republic of Congo"
53,1,53,,,1900-01-01 01:04:20,1900-01-01 01:06:00,"Kinshasa, Democratic Republic of Congo",Kinshasa; Democratic Republic of Congo,city / area,,4,52.0,"['00', '01', '40']",1.6666666666666667,1,;79,";Kinshasa, Democratic Republic of Congo",1,;79,";Kinshasa, Democratic Republic of Congo",;0 days 00:00:30,0 days 00:00:30,0.3,0,,,0,,
54,1,54,,,1900-01-01 01:06:15,1900-01-01 01:06:35,Canada,Canada,country,,6,54.0,"['00', '00', '20']",0.3333333333333333,1,;81,;Canada,1,;81,;Canada,;0 days 00:00:15,0 days 00:00:15,0.75,0,,,0,,
55,1,55,,,1900-01-01 01:06:35,1900-01-01 01:07:30,"Montreal, Canada",Montreal; Quebec,city / area,,4,55.0,"['00', '00', '55']",0.9166666666666666,3,;82;83;84,";Belgium;UQAM, Montréal, Canada;UQAM, Montréal, Canada",0,,,,0,0.0,0,,,0,,
56,1,56,,,1900-01-01 01:07:30,1900-01-01 01:07:45,Canada,Canada,country,,6,56.0,"['00', '00', '15']",0.25,0,,,0,,,,0,0.0,0,,,0,,
57,1,57,,,1900-01-01 01:07:45,1900-01-01 01:08:40,"Montreal, Canada",Montreal; Quebec,city / area,,4,57.0,"['00', '00', '55']",0.9166666666666666,2,;85;86,;Belgium;Rwanda,0,,,,0,0.0,0,,,0,,
58,1,58,,,1900-01-01 01:08:40,1900-01-01 01:09:00,"Montreal, Canada",Montreal; Quebec,city / area,,4,57.0,"['00', '00', '20']",0.3333333333333333,0,,,0,,,,0,0.0,0,,,0,,
59,1,59,,,1900-01-01 01:09:00,1900-01-01 01:12:40,"Ottawa, Canada",Ottawa; Ontario,city / area,,4,59.0,"['00', '03', '40']",3.6666666666666665,10,;87;88;89;90;91;92;93;94;95;96,";Université de Montréal, Montréal, Canada;Université de Montréal, Montréal, Canada;l'ACDI, Ottawa, Canada;Africa;Rwanda;Rwanda;l'ACDI, Ottawa, Canada;l'ACDI, Ottawa, Canada;l'ACDI, Ottawa, Canada;l'ACDI, Ottawa, Canada",0,,,,0,0.0,0,,,5,;89;93;94;95;96,";l'ACDI, Ottawa, Canada;l'ACDI, Ottawa, Canada;l'ACDI, Ottawa, Canada;l'ACDI, Ottawa, Canada;l'ACDI, Ottawa, Canada"
60,1,60,,,1900-01-01 01:12:40,1900-01-01 01:12:45,_end,none,,,8,60.0,"['00', '00', '05']",0.08333333333333333,0,,,0,,,,0,0.0,0,,,0,,
61,1,61,,,1900-01-01 01:12:45,1900-01-01 01:18:35,"Ottawa, Canada",Ottawa; Ontario,city / area,,4,61.0,"['00', '05', '50']",5.833333333333333,5,;97;98;99;100;101,";Ottawa, Canada;Ottawa, Canada;Rwanda;l'université de Montréal, Montréal, Canada;UQAM, Montréal, Canada",2,;97;98,";Ottawa, Canada;Ottawa, Canada",;0 days 00:00:10;0 days 00:00:20,0 days 00:00:10,0.02857142857142857,0,,,0,,
62,1,62,,,1900-01-01 01:18:35,1900-01-01 01:18:50,Canada,Canada,country,,6,62.0,"['00', '00', '15']",0.25,0,,,0,,,,0,0.0,0,,,0,,
63,1,63,,,1900-01-01 01:18:50,1900-01-01 01:22:15,"Montreal, Canada",Montreal; Quebec,city / area,,4,63.0,"['00', '03', '25']",3.4166666666666665,11,;102;103;104;105;106;107;108;109;110;111;112,";Rwanda;Canada;l'ACDI, Ottawa, Canada;Canada;NYC, USA;Montreal, Canada;Montreal, Canada;l'université Nationale du Rwanda, Butare, Rwanda;Citizenship and Immigration Canada, Montreal, Canada;Consulat général du Canada à New York, NYC, USA;NYC, USA",2,;107;108,";Montreal, Canada;Montreal, Canada",;0 days 00:01:50;0 days 00:01:52,0 days 00:01:50,0.5365853658536586,2,;103;105,;Canada;Canada,1,;110,";Citizenship and Immigration Canada, Montreal, Canada"
64,1,64,,,1900-01-01 01:22:15,1900-01-01 01:22:25,_end,none,,,8,64.0,"['00', '00', '10']",0.16666666666666666,0,,,0,,,,0,0.0,0,,,0,,
65,1,65,,,1900-01-01 01:22:25,1900-01-01 01:25:30,"Montreal, Canada",Montreal; Quebec,city / area,,4,65.0,"['00', '03', '05']",3.0833333333333335,6,;113;114;115;116;117;118,";l'ACDI, Ottawa, Canada;l'université du Québec à Trois-Rivières, Trois-Rivières, Canada;Trois-Rivières, Canada;Trois-Rivières, Canada;Trois-Rivières, Canada;l'ACDI, Ottawa, Canada",0,,,,0,0.0,0,,,0,,
66,1,66,,,1900-01-01 01:25:30,1900-01-01 01:26:10,_end,none,,,8,66.0,"['00', '00', '40']",0.6666666666666666,1,;119,";Trois-Rivières, Canada",0,,,,0,0.0,0,,,0,,
67,1,67,,,1900-01-01 01:26:10,1900-01-01 01:29:45,"Quebec, Canada",Quebec,region,,5,67.0,"['00', '03', '35']",3.5833333333333335,2,;120;121,";Middle East;Quebec, Canada",1,;121,";Quebec, Canada",;0 days 00:03:20,0 days 00:03:20,0.9302325581395349,0,,,0,,
68,1,68,,,1900-01-01 01:29:45,1900-01-01 01:30:15,Rwanda,Rwanda,country,,6,68.0,"['00', '00', '30']",0.5,2,;122;123,";Quebec, Canada;Rwanda",1,;123,;Rwanda,;0 days 00:00:15,0 days 00:00:15,0.5,0,,,0,,
69,1,69,,,1900-01-01 01:30:15,1900-01-01 01:30:55,Rwanda,Rwanda,country,,6,68.0,"['00', '00', '40']",0.6666666666666666,0,,,0,,,,0,0.0,0,,,0,,
70,1,70,,,1900-01-01 01:30:55,1900-01-01 01:33:30,"Trois-Rivières, Quebec",Trois-Rivières; Quebec,city / area,,4,70.0,"['00', '02', '35']",2.5833333333333335,4,;124;125;126;127,";Rwanda;Trois-Rivières, Canada;Montreal, Canada;USA",0,,,,0,0.0,0,,,0,,
71,1,71,,,1900-01-01 01:33:30,1900-01-01 01:35:45,"Trois-Rivières, Quebec",Trois-Rivières; Quebec,city / area,,4,70.0,"['00', '02', '15']",2.25,3,;128;129;130,";NYC, USA;Rwanda;Rwanda",0,,,,0,0.0,0,,,0,,
72,1,72,,,1900-01-01 01:35:45,1900-01-01 01:37:00,"Trois-Rivières, Quebec",Trois-Rivières; Quebec,city / area,,4,70.0,"['00', '01', '15']",1.25,3,;131;132;133,";Kigali, Rwanda;Butare, Rwanda;Butare, Rwanda",0,,,,0,0.0,0,,,0,,
73,1,73,,,1900-01-01 01:37:00,1900-01-01 01:42:00,"Karama, Rwanda",Karama; Rwanda,local,,3,73.0,"['00', '05', '00']",5.0,2,;134;135,";Karama, Rwanda;La Rivière Rukarara, Rwanda",1,;134,";Karama, Rwanda",;0 days 00:00:00,0 days 00:00:00,0.0,0,,,0,,
74,1,74,,,1900-01-01 01:42:00,1900-01-01 01:43:30,"Cyanika, Rwanda",Cyanika; Rwanda,local,,3,74.0,"['00', '01', '30']",1.5,3,;136;137;138,";Cyanika, Rwanda;Cyanika, Rwanda;Groupe scholaire de Butare, Rwanda",2,;136;137,";Cyanika, Rwanda;Cyanika, Rwanda",;0 days 00:00:00;0 days 00:00:45,0 days 00:00:00,0.0,0,,,0,,
75,1,75,,,1900-01-01 01:43:30,1900-01-01 01:46:10,"Groupe scholaire de Butare, Rwanda",Groupe scholaire de Butare; Rwanda,very local,,2,75.0,"['00', '02', '40']",2.6666666666666665,0,,,0,,,,0,0.0,0,,,0,,
76,1,76,,,1900-01-01 01:46:10,1900-01-01 01:48:50,"Trois-Rivières, Quebec",Trois-Rivières; Quebec,city / area,,4,76.0,"['00', '02', '40']",2.6666666666666665,0,,,0,,,,0,0.0,0,,,0,,
77,1,77,,,1900-01-01 01:48:50,1900-01-01 01:50:00,Rwanda,Rwanda,country,,6,77.0,"['00', '01', '10']",1.1666666666666667,1,;139,;Rwanda,1,;139,;Rwanda,;0 days 00:00:10,0 days 00:00:10,0.14285714285714285,0,,,0,,
78,1,78,,,1900-01-01 01:50:00,1900-01-01 01:50:10,_end,none,,,8,78.0,"['00', '00', '10']",0.16666666666666666,0,,,0,,,,0,0.0,0,,,0,,
79,1,79,,,1900-01-01 01:50:10,1900-01-01 01:51:00,_end,none,,,8,78.0,"['00', '00', '50']",0.8333333333333334,0,,,0,,,,0,0.0,0,,,0,,
80,1,80,,,1900-01-01 01:51:00,1900-01-01 01:51:50,"Montreal, Canada",Montreal; Quebec,city / area,,4,80.0,"['00', '00', '50']",0.8333333333333334,3,;140;141;142,";Rwanda;Luanda, Angola;Rwanda",0,,,,0,0.0,0,,,0,,
81,1,81,,,1900-01-01 01:51:50,1900-01-01 01:52:30,Belgium,Belgium,country,,6,81.0,"['00', '00', '40']",0.6666666666666666,3,;143;144;145,;Belgium;Belgium;Angola,2,;143;144,;Belgium;Belgium,;0 days 00:00:00;0 days 00:00:30,0 days 00:00:00,0.0,0,,,0,,
82,1,82,,,1900-01-01 01:52:30,1900-01-01 01:54:50,_end,none,,,8,82.0,"['00', '02', '20']",2.3333333333333335,2,;146;147,";Senegal;Trois-Rivières, Canada",0,,,,0,0.0,0,,,0,,
83,1,83,,,1900-01-01 01:54:50,1900-01-01 01:56:30,"Montreal, Canada",Montreal; Quebec,city / area,,4,83.0,"['00', '01', '40']",1.6666666666666667,2,;148;149,";Montreal, Canada;Montreal, Canada",2,;148;149,";Montreal, Canada;Montreal, Canada",;0 days 00:00:10;0 days 00:00:20,0 days 00:00:10,0.1,0,,,0,,
84,1,84,,,1900-01-01 01:56:30,1900-01-01 01:56:45,Rwanda,Rwanda,country,,6,84.0,"['00', '00', '15']",0.25,0,,,0,,,,0,0.0,0,,,0,,
85,1,85,,,1900-01-01 01:56:45,1900-01-01 01:58:30,Rwanda,Rwanda,country,,6,84.0,"['00', '01', '45']",1.75,1,;150,";Montreal, Canada",0,,,,0,0.0,0,,,0,,
86,1,86,,,1900-01-01 01:58:30,1900-01-01 02:00:30,"Montreal, Canada",Montreal; Quebec,city / area,,4,86.0,"['00', '02', '00']",2.0,0,,,0,,,,0,0.0,0,,,0,,
87,1,87,,,1900-01-01 02:00:30,1900-01-01 02:02:30,"Montreal, Canada",Montreal; Quebec,city / area,,4,86.0,"['00', '02', '00']",2.0,0,,,0,,,,0,0.0,0,,,0,,
88,1,88,,,1900-01-01 02:02:30,1900-01-01 02:02:40,_end,none,,,8,88.0,"['00', '00', '10']",0.16666666666666666,0,,,0,,,,0,0.0,0,,,0,,
89,1,89,,,1900-01-01 02:02:40,1900-01-01 02:04:30,"Montreal, Canada",Montreal; Quebec,city / area,,4,89.0,"['00', '01', '50']",1.8333333333333333,0,,,0,,,,0,0.0,0,,,0,,
90,1,90,,,1900-01-01 02:04:30,1900-01-01 02:06:00,Canada; Rwanda,Rwanda,journey,journey 3,1,90.0,"['00', '01', '30']",1.5,8,;151;152;153;154;155;156;157;158,;Rwanda;Rwanda;Rwanda;Rwanda;Rwanda;Rwanda;Rwanda;Rwanda,0,,,,0,0.0,8,;151;152;153;154;155;156;157;158,;Rwanda;Rwanda;Rwanda;Rwanda;Rwanda;Rwanda;Rwanda;Rwanda,0,,
91,1,91,,,1900-01-01 02:06:00,1900-01-01 02:06:10,"Butare, Rwanda",Butare; Rwanda,city / area,,4,91.0,"['00', '00', '10']",0.16666666666666666,1,;159,";Butare, Rwanda",1,;159,";Butare, Rwanda",;0 days 00:00:05,0 days 00:00:05,0.5,0,,,0,,
92,1,92,,,1900-01-01 02:06:10,1900-01-01 02:07:00,"Kigali Memorial, Rwanda",Kigali Memorial; Rwanda,very local,,2,92.0,"['00', '00', '50']",0.8333333333333334,2,;160;161,";Kigali Memorial, Rwanda;Rwanda",1,;160,";Kigali Memorial, Rwanda",;0 days 00:00:05,0 days 00:00:05,0.1,1,;161,;Rwanda,0,,
93,1,93,,,1900-01-01 02:07:00,1900-01-01 02:08:00,Rwanda,Gikongoro; Rwanda,country,,6,93.0,"['00', '01', '00']",1.0,8,;162;163;164;165;166;167;168;169,";Gikongoro, Rwanda;Gikongoro, Rwanda;Rwanda;Gikongoro, Rwanda;Murambi Genocide Memorial Centre, Rwanda;Murambi Genocide Memorial Centre, Rwanda;Gikongoro, Rwanda;Gikongoro, Rwanda",1,;164,;Rwanda,;0 days 00:00:15,0 days 00:00:15,0.25,0,,,7,;162;163;165;166;167;168;169,";Gikongoro, Rwanda;Gikongoro, Rwanda;Gikongoro, Rwanda;Murambi Genocide Memorial Centre, Rwanda;Murambi Genocide Memorial Centre, Rwanda;Gikongoro, Rwanda;Gikongoro, Rwanda"
94,1,94,,,1900-01-01 02:08:00,1900-01-01 02:10:30,"Kibeho, Rwanda",Kibeho; Rwanda,local,,3,94.0,"['00', '02', '30']",2.5,2,;170;171,";Kibeho, Rwanda;Kibeho, Rwanda",2,;170;171,";Kibeho, Rwanda;Kibeho, Rwanda",;0 days 00:00:25;0 days 00:00:50,0 days 00:00:25,0.16666666666666666,0,,,0,,
95,1,95,,,1900-01-01 02:10:30,1900-01-01 02:17:25,"Karama, Rwanda",Karama; Rwanda,local,,3,95.0,"['00', '06', '55']",6.916666666666667,3,;172;173;174,";Belgium;Rwanda;Butare, Rwanda",0,,,,0,0.0,1,;173,;Rwanda,0,,
96,1,96,,,1900-01-01 02:17:25,1900-01-01 02:19:45,Rwanda,Rwanda,country,,6,96.0,"['00', '02', '20']",2.3333333333333335,1,;175,;Rwanda,1,;175,;Rwanda,;0 days 00:01:35,0 days 00:01:35,0.6785714285714286,0,,,0,,
97,1,97,,,1900-01-01 02:19:45,1900-01-01 02:19:50,Rwanda,Rwanda,country,,6,96.0,"['00', '00', '05']",0.08333333333333333,0,,,0,,,,0,0.0,0,,,0,,
98,1,98,,,1900-01-01 02:19:50,1900-01-01 02:22:20,Rwanda,Rwanda,country,,6,96.0,"['00', '02', '30']",2.5,4,;176;177;178;179,";Democratic Republic of Congo;Gikongoro, Rwanda;Nyanza, Rwanda;Democratic Republic of Congo",0,,,,0,0.0,0,,,2,;177;178,";Gikongoro, Rwanda;Nyanza, Rwanda"
99,1,99,,,1900-01-01 02:22:20,1900-01-01 02:22:50,Rwanda,Rwanda,country,,6,96.0,"['00', '00', '30']",0.5,2,;180;181,;Rwanda;Rwanda,2,;180;181,;Rwanda;Rwanda,;0 days 00:00:05;0 days 00:00:25,0 days 00:00:05,0.16666666666666666,0,,,0,,
100,1,100,,,1900-01-01 02:22:50,1900-01-01 02:24:25,Rwanda,Rwanda,country,,6,96.0,"['00', '01', '35']",1.5833333333333333,7,;182;183;184;185;186;187;188,;South Africa;Senegal;Mali;Burkina Faso;Rwanda;Rwanda;Rwanda,3,;186;187;188,;Rwanda;Rwanda;Rwanda,;0 days 00:00:35;0 days 00:00:55;0 days 00:01:15,0 days 00:00:35,0.3684210526315789,0,,,0,,
101,1,101,,,1900-01-01 02:24:25,1900-01-01 02:24:40,"Kigali, Rwanda",Kigali; Rwanda,city / area,,4,101.0,"['00', '00', '15']",0.25,2,;189;190,";Kigali, Rwanda;Kigali, Rwanda",2,;189;190,";Kigali, Rwanda;Kigali, Rwanda",;0 days 00:00:00;0 days 00:00:10,0 days 00:00:00,0.0,0,,,0,,
102,1,102,,,1900-01-01 02:24:40,1900-01-01 02:25:50,"Butare, Rwanda",Butare; Rwanda,city / area,,4,102.0,"['00', '01', '10']",1.1666666666666667,6,;191;192;193;194;195;196,";Butare, Rwanda;Kigali, Rwanda;Butare, Rwanda;Butare, Rwanda;Butare, Rwanda;l'université Nationale du Rwanda, Butare, Rwanda",4,;191;193;194;195,";Butare, Rwanda;Butare, Rwanda;Butare, Rwanda;Butare, Rwanda",;0 days 00:00:00;0 days 00:00:12;0 days 00:00:15;0 days 00:00:20,0 days 00:00:00,0.0,0,,,1,;196,";l'université Nationale du Rwanda, Butare, Rwanda"
103,1,103,,,1900-01-01 02:25:50,1900-01-01 02:26:05,Rwanda,Rwanda,country,,6,103.0,"['00', '00', '15']",0.25,3,;197;198;199,;Rwanda;Africa;Rwanda,2,;197;199,;Rwanda;Rwanda,;0 days 00:00:00;0 days 00:00:05,0 days 00:00:00,0.0,0,,,0,,
104,1,104,,,1900-01-01 02:26:05,1900-01-01 02:26:15,Rwanda,Rwanda,country,,6,103.0,"['00', '00', '10']",0.16666666666666666,0,,,0,,,,0,0.0,0,,,0,,
105,1,105,,,1900-01-01 02:26:15,1900-01-01 02:29:55,Rwanda,Rwanda,country,,6,103.0,"['00', '03', '40']",3.6666666666666665,4,;200;201;202;203,";Rwanda;Rwanda;Kigali, Rwanda;Kigali, Rwanda",2,;200;201,;Rwanda;Rwanda,;0 days 00:00:45;0 days 00:02:45,0 days 00:00:45,0.20454545454545456,0,,,2,;202;203,";Kigali, Rwanda;Kigali, Rwanda"
106,1,106,,,1900-01-01 02:29:55,1900-01-01 02:30:05,_end,none,,,8,106.0,"['00', '00', '10']",0.16666666666666666,0,,,0,,,,0,0.0,0,,,0,,
107,1,107,,,1900-01-01 02:30:05,1900-01-01 02:33:40,Rwanda,Rwanda,country,,6,107.0,"['00', '03', '35']",3.5833333333333335,1,;204,";Montreal, Canada",0,,,,0,0.0,0,,,0,,
108,1,108,,,1900-01-01 02:33:40,1900-01-01 02:34:10,_end,none,,,8,108.0,"['00', '00', '30']",0.5,0,,,0,,,,0,0.0,0,,,0,,
109,1,109,,,1900-01-01 02:34:10,1900-01-01 02:35:50,_end,none,,,8,108.0,"['00', '01', '40']",1.6666666666666667,0,,,0,,,,0,0.0,0,,,0,,
110,1,110,,,1900-01-01 02:35:50,1900-01-01 02:37:20,Rwanda,Rwanda,country,,6,110.0,"['00', '01', '30']",1.5,3,;205;206;207,;Rwanda;Rwanda;Rwanda,3,;205;206;207,;Rwanda;Rwanda;Rwanda,;0 days 00:00:00;0 days 00:00:40;0 days 00:00:55,0 days 00:00:00,0.0,0,,,0,,
111,1,111,,,1900-01-01 02:37:20,1900-01-01 02:40:10,Rwanda,Rwanda,country,,6,110.0,"['00', '02', '50']",2.8333333333333335,1,;208,;Rwanda,1,;208,;Rwanda,;0 days 00:02:25,0 days 00:02:25,0.8529411764705882,0,,,0,,
112,1,112,,,1900-01-01 02:40:10,1900-01-01 02:40:40,_end,none,,,8,112.0,"['00', '00', '30']",0.5,0,,,0,,,,0,0.0,0,,,0,,
113,1,113,,,1900-01-01 02:40:40,1900-01-01 02:43:00,_end,none,,,8,112.0,"['00', '02', '20']",2.3333333333333335,0,,,0,,,,0,0.0,0,,,0,,
114,1,114,,,1900-01-01 02:43:00,1900-01-01 02:48:15,Rwanda,Rwanda,country,,6,114.0,"['00', '05', '15']",5.25,5,;209;210;211;212;213,;Rwanda;Rwanda;Rwanda;Rwanda;Rwanda,5,;209;210;211;212;213,;Rwanda;Rwanda;Rwanda;Rwanda;Rwanda,;0 days 00:00:00;0 days 00:00:40;0 days 00:01:55;0 days 00:02:25;0 days 00:04:30,0 days 00:00:00,0.0,0,,,0,,
115,1,115,,,1900-01-01 02:48:15,1900-01-01 02:48:50,_end,none,,,8,115.0,"['00', '00', '35']",0.5833333333333334,0,,,0,,,,0,0.0,0,,,0,,
116,1,116,,,1900-01-01 02:48:50,1900-01-01 02:52:25,_end,none,,,8,115.0,"['00', '03', '35']",3.5833333333333335,2,;214;215,";Montreal, Canada;Montreal, Canada",0,,,,0,0.0,0,,,0,,
117,1,117,,,1900-01-01 02:52:25,1900-01-01 02:52:45,_end,none,,,8,115.0,"['00', '00', '20']",0.3333333333333333,0,,,0,,,,0,0.0,0,,,0,,
